-12.78633,0.6964445,-2.23132,,11.97105,5.487276,-2.365021,,335.6389,179.9954,349.9691,,335.5657,179.9952,8.500173,,0.03808594,,,
-12.78632,0.6964407,-2.231322,,11.97105,5.487276,-2.365024,,335.6389,179.9389,350.3062,,335.6389,180.0515,8.529304,,0.1386719,,,
-12.78632,0.6964388,-2.231319,,11.97105,5.48728,-2.365023,,335.6388,179.9952,357.9529,,335.6388,180.0513,8.529317,,0.2470703,,,
-12.78632,0.6964407,-2.231319,,11.97105,5.487276,-2.365021,,335.639,179.9954,0.5164425,,335.5657,179.9952,8.500173,,0.3652344,,,
-12.59276,1.560401,-2.330675,,11.97105,5.487278,-2.365021,,329.0029,179.6192,3.794003,,335.6388,180.0515,8.529351,,0.4658203,,,
-11.86356,3.027892,-2.472512,,11.97105,5.487282,-2.365022,,320.5855,180.9442,6.087417,,335.6388,179.9954,8.500181,,0.5712891,,,
-9.874948,5.277219,-3.002487,,11.97105,5.487275,-2.365024,,313.3186,190.5783,2.878965,,335.6388,180.0513,8.529327,,0.6777344,,,
-7.787082,6.273856,-3.537736,,11.97105,5.487283,-2.365022,,315.4862,201.2184,355.7545,,335.6387,179.9955,8.500152,,0.78125,,,
-6.870929,6.280854,-3.621984,,11.97105,5.487282,-2.365021,,324.0266,210.7433,352.4548,,335.5657,179.995,9.086165,,0.8818359,,,
-6.870616,6.138972,-3.341249,,11.97105,5.487276,-2.365023,,328.8815,219.5011,352.114,,335.6389,179.9952,15.97119,,0.9931641,,,
-6.651056,6.034387,-2.975938,,11.97105,5.487282,-2.365023,,328.1062,222.3657,351.6516,,335.7121,179.939,3.856597,,1.09668,,,
-6.07787,5.764608,-2.632562,,11.76471,5.872356,-2.592916,,332.9279,221.6933,351.9396,,332.6984,179.387,7.723346,,1.203125,,,
-4.872628,4.677286,-2.811285,,9.060263,10.66644,-4.960829,,331.6947,226.6451,344.6987,,311.8032,167.1835,22.70268,,1.306641,,,
-3.767308,3.301043,-3.151555,,7.111274,12.80199,-6.256176,,327.6578,231.9614,338.8763,,320.169,146.3353,29.60703,,1.418945,,,
-3.669239,2.256356,-3.011117,,7.10872,10.78494,-6.239699,,328.9838,233.0264,340.6615,,340.553,132.2527,5.262805,,1.519531,,,
-3.962106,2.086852,-2.842206,,6.897291,9.643107,-6.807963,,330.0841,232.4578,342.5698,,334.9871,126.4177,1.883978,,1.623047,,,
-4.281091,2.334962,-2.723301,,6.163638,9.148378,-6.977735,,330.6126,231.9327,343.3013,,331.5665,121.7173,3.238616,,1.740234,,,
-4.699499,3.081725,-2.511803,,5.795328,9.036472,-6.667901,,332.2216,231.4814,344.0053,,331.596,120.3634,355.9478,,1.841797,,,
-5.110432,3.841685,-2.224672,,5.34989,8.869684,-6.350801,,335.3755,229.561,347.4104,,332.4617,120.1824,350.2462,,1.951172,,,
-5.233113,3.430608,-2.181415,,4.825684,8.048594,-6.291098,,335.8051,227.5777,349.91,,330.4787,119.8212,349.458,,2.051758,,,
-5.136416,3.126848,-2.240384,,4.386369,7.417662,-6.199907,,334.3483,227.1327,350.6422,,326.2948,118.255,352.3452,,2.160156,,,
-5.171581,2.90734,-2.247017,,4.400976,7.229225,-5.835006,,332.8049,226.8392,351.3226,,324.8829,117.9286,358.2627,,2.260742,,,
-5.064798,2.774219,-2.259603,,4.193586,6.462964,-5.390934,,329.4815,227.0659,350.5299,,323.2186,116.4166,6.040266,,2.37207,,,
-5.123248,2.795503,-2.352629,,3.850398,5.573027,-5.355506,,328.412,227.2371,350.2419,,322.6521,113.6094,10.02588,,2.473633,,,
-5.177414,2.797929,-2.402833,,3.682503,5.185573,-5.364493,,328.2222,226.8943,350.4331,,323.5845,112.1784,13.20785,,2.582031,,,
-5.246974,2.685911,-2.383602,,3.591008,5.242523,-5.475256,,328.075,226.3856,350.4612,,324.6152,111.4505,14.66767,,2.683594,,,
-5.125404,2.500102,-2.432571,,3.512124,5.369315,-5.620296,,327.0948,226.3245,347.5497,,325.3834,110.945,15.46008,,2.791992,,,
-5.019194,2.115409,-2.404669,,3.286632,5.835093,-5.981081,,326.297,225.9849,343.7034,,326.8586,109.2803,17.70187,,2.893555,,,
-4.98987,1.974176,-2.35798,,3.21176,5.883171,-6.078573,,325.7873,225.9653,342.6494,,327.754,109.283,18.08653,,3.001953,,,
-5.059438,1.992169,-2.276623,,3.211082,5.887917,-6.095694,,325.5848,225.7771,342.3638,,328.1553,109.3818,18.10923,,3.103516,,,
-5.337465,1.940487,-2.132447,,3.21108,5.88792,-6.095693,,325.8699,225.0584,343.0011,,328.2411,109.5887,18.06836,,3.213867,,,
-5.710113,1.639642,-1.729375,,3.205966,5.882123,-6.091284,,326.7598,222.6482,342.531,,328.4192,109.7812,18.01358,,3.318359,,,
-5.81696,1.312213,-1.320938,,3.201638,5.883849,-6.094081,,327.3628,220.6737,342.1025,,328.3674,109.9082,18.10752,,3.426758,,,
-5.675111,1.223706,-0.9866242,,3.200522,5.8787,-6.095433,,327.3266,220.6218,340.8719,,328.4598,109.8704,18.02033,,3.527344,,,
-5.647943,1.162406,-0.8116574,,3.20485,5.876971,-6.092639,,327.5449,220.447,340.9441,,328.5549,109.8469,18.05245,,3.628906,,,
-5.835395,1.032498,-0.5755191,,3.191292,5.849918,-6.087852,,328.2796,219.3763,341.6003,,328.7151,109.8885,18.16834,,3.734375,,,
-6.105375,0.9330673,-0.4811945,,3.190186,5.844771,-6.089195,,328.8241,218.7585,341.928,,328.6225,109.9266,18.18203,,3.842773,,,
-6.52562,0.7747698,-0.3223042,,3.189078,5.839615,-6.090539,,329.7676,217.5581,342.9438,,328.6903,109.9593,18.16498,,3.959961,,,
-6.592796,0.7571306,-0.2888222,,3.18907,5.839613,-6.090541,,329.4848,218.4392,340.4044,,328.7581,109.9918,18.22134,,4.061523,,,
-6.597242,0.756958,-0.2729063,,3.182876,5.82865,-6.087453,,329.4424,218.2663,340.0926,,328.7828,109.9447,18.29791,,4.170898,,,
-6.599794,0.7550955,-0.2708907,,3.177784,5.822845,-6.083016,,329.4415,218.5184,339.9278,,328.6904,110.0063,18.38474,,4.271484,,,
-6.553307,0.7052231,-0.270864,,3.168726,5.816399,-6.072797,,329.4971,218.6331,339.8708,,328.7151,109.9829,18.46127,,4.382813,,,
-6.456614,0.7385473,-0.3386393,,3.167988,5.80887,-6.065565,,329.3954,219.1561,339.2765,,328.7176,110.0203,18.36094,,4.484375,,,
-6.410974,0.7635889,-0.3873591,,3.170483,5.794457,-6.056876,,329.3091,219.4553,338.9668,,328.8154,110.0342,18.36612,,4.59375,,,
-6.356966,0.8320093,-0.4291191,,3.167563,5.776613,-6.052302,,329.1025,219.8995,338.5068,,328.7006,110.1804,18.42274,,4.696289,,,
-6.185698,1.187192,-0.5513706,,3.175502,5.777909,-6.063863,,328.5316,221.4804,336.6331,,328.7501,109.9921,18.42914,,4.804688,,,
-5.664624,1.929811,-0.9215469,,3.179479,5.778561,-6.069644,,327.3821,226.6352,331.08,,328.7949,111.8878,17.90124,,4.907227,,,
-5.033793,2.335356,-1.356781,,3.230049,5.767455,-6.070351,,326.7082,235.2175,320.3901,,328.5753,114.024,16.87382,,5.015625,,,
-4.476694,2.45017,-1.701173,,3.229383,5.79451,-6.084929,,326.5376,246.9736,305.1589,,327.8484,114.1825,16.68531,,5.118164,,,
-4.373457,2.471099,-1.773802,,2.718692,6.068151,-6.425142,,326.749,252.0376,297.9114,,326.5484,112.0087,18.80119,,5.224609,,,
-4.23011,2.600325,-1.884782,,1.411817,6.737266,-7.178197,,327.3405,256.2625,292.3503,,325.8966,104.7102,25.48293,,5.326172,,,
-4.195567,2.641541,-1.936744,,0.7753334,6.84756,-7.306195,,327.7679,258.2739,288.9453,,328.4649,102.7076,28.1386,,5.43457,,,
-4.121848,2.764764,-2.114351,,-0.1418447,6.771945,-7.528202,,328.7389,262.1772,284.4862,,330.8241,100.4872,33.46911,,5.537109,,,
-4.204562,2.793427,-2.271354,,-0.6984582,6.692519,-7.677672,,328.6557,263.6495,282.6161,,332.5275,100.9179,33.20394,,5.645508,,,
-4.309995,2.835505,-2.448493,,-0.3197241,5.794313,-7.698433,,328.3686,264.5425,282.0678,,330.7503,108.1814,20.13376,,5.74707,,,
-4.300532,2.845442,-2.459254,,-0.121263,5.692323,-7.622505,,328.2989,264.4852,282.0442,,329.7549,113.1338,15.32703,,5.853516,,,
-4.19706,2.792743,-2.467446,,-0.4652719,5.688355,-7.030769,,328.0158,263.2416,282.238,,332.6641,115.3333,13.01103,,5.954102,,,
-4.08191,2.657899,-2.471841,,-0.2895193,5.322656,-6.456175,,327.4839,262.0809,284.9704,,333.6253,115.0005,14.44393,,6.064453,,,
-3.953892,2.584085,-2.416632,,-0.2046595,4.966149,-5.85731,,327.5984,262.4477,286.5501,,329.3877,112.5551,38.00367,,6.166992,,,
-3.870625,2.574283,-2.333897,,-0.461978,4.914845,-5.375032,,327.7875,262.8642,286.9719,,327.5603,110.7133,49.84817,,6.273438,,,
-3.831162,2.569928,-2.27616,,-0.7030606,4.5182,-5.054544,,328.5671,263.5181,287.308,,326.8663,107.6924,56.95366,,6.375977,,,
-3.808126,2.602798,-2.318241,,-0.8885293,3.984594,-4.845163,,329.6575,265.1516,287.6145,,325.5915,106.0636,60.69454,,6.483398,,,
-3.863193,2.64017,-2.441056,,-1.042751,3.391445,-4.797723,,330.2433,266.2626,288.0268,,324.7944,104.6618,62.59681,,6.586914,,,
-3.797411,2.752578,-2.580222,,-1.166827,3.337941,-4.702017,,331.0628,267.8863,287.3451,,324.6437,104.4211,63.67912,,6.693359,,,
-3.634225,2.926325,-2.734441,,-1.333368,3.349149,-4.470702,,331.759,269.4654,285.9944,,325.5712,105.1182,63.80172,,6.796875,,,
-3.629544,2.942645,-2.731484,,-1.453742,3.342452,-4.229519,,331.9153,270.3362,285.7157,,326.1756,105.6461,63.66174,,6.901367,,,
-3.626565,2.947355,-2.724389,,-1.799833,3.417674,-3.822538,,332.2014,271.0599,285.7503,,327.2366,105.4195,63.14119,,7.007813,,,
-3.626612,2.948446,-2.72199,,-1.940415,3.433813,-3.619351,,332.2455,271.3568,285.6049,,327.638,105.3001,62.54233,,7.110352,,,
-3.62633,2.950027,-2.72292,,-1.96254,3.434621,-3.600154,,332.1811,271.1669,285.6649,,327.9295,104.9403,62.32843,,7.212891,,,
-3.626657,2.949823,-2.72137,,-1.977011,3.431077,-3.560387,,332.137,271.3543,285.6487,,328.0645,105.0031,62.35044,,7.328125,,,
-3.627146,2.948758,-2.719263,,-2.008629,3.41246,-3.473779,,332.2004,271.6347,285.7884,,328.2554,105.2622,62.05079,,7.429688,,,
-3.627262,2.948965,-2.718319,,-2.052173,3.392276,-3.337284,,332.1534,271.7209,285.827,,328.5369,105.6758,60.95261,,7.53125,,,
-3.627281,2.950004,-2.717099,,-2.054005,3.363247,-3.34951,,331.9655,271.7985,285.742,,328.5085,105.4178,60.28233,,7.632813,,,
-3.627092,2.950507,-2.718155,,-2.045667,3.305738,-3.37876,,331.9917,271.6516,285.7894,,328.3961,105.2369,60.26669,,7.743164,,,
-3.627263,2.950408,-2.717203,,-2.037686,3.063191,-3.415437,,331.9538,271.7714,285.7362,,328.1095,105.1893,60.46077,,7.848633,,,
-3.627306,2.950292,-2.717139,,-2.072093,2.933844,-3.375573,,331.9627,271.7954,285.6919,,327.9242,105.1858,60.66745,,7.958984,,,
-3.627387,2.950635,-2.716286,,-2.058064,2.937368,-3.415609,,331.9064,271.8613,285.7405,,327.7959,104.8454,60.81836,,8.071289,,,
-3.62813,2.95412,-2.718268,,-2.068847,3.049355,-3.482065,,331.7209,271.3875,286.2026,,328.1142,104.8371,60.78393,,8.174805,,,
-3.677609,2.916438,-2.729859,,-2.108577,3.227186,-3.489547,,331.342,269.3781,286.2168,,328.3313,104.8783,60.78943,,8.285156,,,
-4.116868,2.568698,-2.50927,,-2.092821,3.357809,-3.608919,,329.8521,264.9689,288.3943,,328.667,104.5552,60.66311,,8.387695,,,
-4.871898,1.972732,-2.028984,,-2.030264,3.594965,-3.75654,,327.6651,255.7123,296.5529,,328.8499,104.3142,60.48565,,8.491211,,,
-5.678144,1.473035,-1.427103,,-1.833095,3.868224,-4.086766,,328.4339,244.4423,304.893,,329.2375,104.0596,59.96936,,8.597656,,,
-5.918636,1.33222,-1.247215,,-1.597129,4.01823,-4.335649,,329.7598,241.6051,306.947,,329.6723,104.5701,59.0532,,8.701172,,,
-6.052523,1.218687,-1.141021,,-1.144455,4.231783,-4.635181,,330.2693,240.4204,308.2312,,329.9752,104.8789,57.64906,,8.802734,,,
-6.222256,1.145891,-1.065761,,-0.8986754,4.58007,-4.774601,,330.2259,239.1784,309.4736,,330.3537,105.1497,57.68005,,8.915039,,,
-6.161808,1.035403,-1.126587,,-0.7537079,5.384748,-4.776074,,330.013,239.0064,309.5067,,331.656,105.5652,57.72392,,9.019531,,,
-6.02519,0.774394,-1.272807,,-0.6315165,6.029355,-4.75632,,329.6482,238.9823,309.571,,332.575,105.5255,57.92151,,9.120117,,,
-5.829088,0.5191917,-1.472588,,-0.5434866,6.689052,-4.758893,,329.0846,238.4369,309.4409,,333.6391,105.5584,58.14676,,9.22168,,,
-5.794202,0.4620361,-1.534006,,-0.4329157,7.33654,-4.786511,,328.2976,238.0602,309.3637,,334.687,105.6482,58.42334,,9.333984,,,
-5.846675,0.4101934,-1.510843,,-0.308095,7.848975,-4.747313,,328.0818,238.0598,309.6271,,335.4694,105.84,58.55855,,9.438477,,,
-5.883541,0.5442152,-1.510767,,-0.1340027,8.265676,-4.709868,,328.0911,238.0393,309.7934,,336.1616,106.0622,58.34216,,9.540039,,,
-5.930482,0.5361223,-1.514108,,0.1037178,8.789713,-4.6459,,328.0405,237.6581,309.9946,,337.3325,106.6013,58.20961,,9.642578,,,
-5.935008,0.5198755,-1.509408,,0.2672257,9.169581,-4.656959,,328.1272,237.3754,310.2112,,338.0645,106.7221,58.34839,,9.756836,,,
-5.946055,0.4748068,-1.491043,,0.4578505,9.526485,-4.619644,,328.0573,237.2742,310.9457,,338.8627,106.8797,58.31276,,9.858398,,,
-5.953371,0.5617075,-1.481722,,0.5691643,9.766943,-4.572911,,328.0726,237.1062,312.1814,,339.2668,107.2413,58.26408,,9.958984,,,
-5.96368,0.5626469,-1.456403,,0.6855659,10.08441,-4.498333,,328.0899,236.5114,313.4058,,339.8182,107.5216,58.41948,,10.06055,,,
-5.993237,0.5745592,-1.419172,,0.8469605,10.61889,-4.395384,,328.0969,236.3418,314.0645,,340.6246,107.8133,58.74202,,10.16992,,,
-6.020711,0.626421,-1.377485,,0.9598999,11.00644,-4.365072,,328.0407,235.9248,314.505,,341.4065,107.9092,59.10585,,10.27148,,,
-6.058068,0.6953421,-1.339622,,1.137957,11.56673,-4.34865,,328.1477,235.1996,315.3783,,342.4449,108.0284,59.77239,,10.37988,,,
-6.060353,0.7028599,-1.330545,,1.552133,12.21387,-4.136488,,328.1544,235.0303,315.6703,,343.4836,108.7139,59.7638,,10.48828,,,
-6.060303,0.7060804,-1.323842,,1.90382,12.66556,-3.950014,,328.1612,234.8606,315.9627,,344.1198,109.3174,59.62434,,10.59375,,,
-6.055489,0.7039289,-1.315171,,2.228236,13.14276,-3.804475,,328.1647,234.7405,316.1821,,344.9604,110.0894,59.81758,,10.69629,,,
-6.055489,0.703928,-1.315171,,2.458854,13.40392,-3.706036,,328.168,234.6676,316.1815,,345.5591,110.4479,59.83442,,10.80664,,,
-6.053091,0.7028503,-1.310837,,2.925405,13.82962,-3.518471,,328.1677,234.6443,316.108,,345.7982,111.0415,59.73692,,10.92188,,,
-6.05309,0.7028503,-1.310837,,3.380624,14.19641,-3.350587,,328.1714,234.5711,316.1078,,346.1715,111.7413,59.65052,,11.0293,,,
-6.053092,0.7028513,-1.310837,,3.646782,14.39411,-3.258063,,328.175,234.4981,316.1809,,346.4412,112.2457,59.5387,,11.1377,,,
-6.053086,0.7028494,-1.310837,,3.982273,14.71491,-3.151649,,328.1747,234.4982,316.1808,,346.8055,112.9949,59.6939,,11.25195,,,
-6.053118,0.7028542,-1.310836,,4.435142,15.19093,-3.042393,,328.1747,234.4981,316.2542,,347.7753,113.6614,60.05745,,11.3584,,,
-6.045894,0.6996174,-1.297826,,4.82068,15.47051,-2.935353,,328.1049,234.3499,316.2561,,348.3491,114.098,59.80206,,11.46484,,,
-6.043497,0.6985378,-1.293488,,5.135969,15.68223,-2.831256,,328.1048,234.3263,316.2563,,348.9704,114.6331,59.77618,,11.56543,,,
-6.045849,0.7028284,-1.291119,,5.110831,15.70895,-2.857086,,328.1051,234.3264,316.3291,,349.121,114.6912,59.8416,,11.67285,,,
-6.067156,0.7382145,-1.276472,,5.072641,15.73268,-2.898018,,328.1085,234.2769,316.5486,,349.3055,114.6547,59.91136,,11.77441,,,
-6.091314,0.8151474,-1.238062,,4.906409,15.57888,-2.977882,,328.1078,234.1507,316.539,,349.0563,114.6207,59.59871,,11.88184,,,
-6.167262,0.9773197,-1.155768,,4.542796,15.227,-3.137603,,328.1735,234.1986,316.3814,,348.0745,114.1694,59.18591,,11.98145,,,
-6.472044,1.53224,-0.8261194,,4.283846,14.99546,-3.257491,,329.1129,234.1721,316.2619,,347.1338,113.4085,59.07858,,12.0918,,,
-6.768439,2.036559,-0.4686666,,4.24315,14.67865,-3.273813,,330.4134,234.0547,316.4045,,346.3616,113.0457,58.12868,,12.19922,,,
-6.782835,2.373704,-0.2902198,,3.993407,14.21078,-3.395362,,330.9172,234.1354,315.4795,,345.0386,112.5261,58.28784,,12.30371,,,
-6.399776,2.727572,-0.1812639,,3.238661,13.04137,-3.54276,,331.2466,234.8193,312.7994,,342.4946,111.8125,58.46488,,12.41992,,,
-5.865845,2.874843,-0.1199279,,2.636735,11.5746,-3.635681,,331.0662,236.4548,310.1706,,338.9327,108.5017,60.03895,,12.52734,,,
-5.646792,2.903553,-0.01762772,,2.333381,10.83295,-3.726741,,330.857,237.4915,309.4048,,336.6519,105.6103,62.08495,,12.63379,,,
-5.427831,2.906269,0.1504655,,2.258816,9.579752,-3.721706,,330.7897,237.7069,309.071,,333.6546,103.7469,63.9238,,12.73633,,,
-5.278948,2.902917,0.279458,,2.164696,8.662008,-3.760738,,330.5797,237.9948,308.9243,,330.9621,103.1431,66.18716,,12.84473,,,
-4.763554,2.948367,0.615675,,1.611923,7.145743,-3.895127,,330.3729,239.3509,307.0849,,327.9659,99.0592,70.26541,,12.97266,,,
-4.417059,3.011502,0.7894139,,1.346407,6.462371,-3.970362,,330.1195,240.8784,305.6014,,326.7213,96.41919,72.06001,,13.10449,,,
-4.241625,3.065921,0.8355002,,1.263357,6.220699,-3.977053,,330.0504,241.692,304.7979,,326.0883,95.97868,72.84334,,13.20898,,,
-4.010596,3.107211,0.9702029,,1.041563,5.499067,-4.038029,,329.8443,242.4108,304.3084,,324.8646,95.31858,74.35791,,13.30957,,,
-3.952194,3.083682,1.078795,,0.9057965,5.041944,-4.063441,,329.7061,242.3474,304.7791,,324.338,93.94173,75.30876,,13.41504,,,
-3.92063,3.060897,1.132329,,0.7753706,4.73439,-3.93834,,329.6258,242.4873,304.8246,,324.2994,93.34389,75.45284,,13.5293,,,
-3.880556,3.059008,1.17648,,0.6541767,4.652164,-3.695718,,329.6751,242.4833,304.7721,,324.4154,93.5889,75.39009,,13.63184,,,
-3.804783,3.062448,1.19096,,0.4969296,4.550597,-3.177051,,329.7445,242.5587,304.7054,,324.8372,94.86633,74.86736,,13.74414,,,
-3.799548,3.050035,1.100535,,0.5299129,4.367402,-2.654294,,329.5998,242.4582,307.168,,325.4393,97.54394,71.73717,,13.84473,,,
-3.744179,2.981675,0.9360309,,0.6064787,4.095532,-2.462321,,329.346,240.9943,310.5864,,325.4702,98.88301,69.19224,,13.95215,,,
-3.584932,2.958896,0.8333588,,0.5932159,3.794349,-2.04366,,328.5881,239.6369,314.358,,325.5378,100.1318,66.55244,,14.05664,,,
-3.20715,3.183723,0.7606373,,0.504652,3.561868,-1.571163,,328.3712,240.7446,314.2613,,325.9836,100.6305,63.93309,,14.16797,,,
-2.788952,3.410893,0.6455965,,0.4148026,3.375073,-1.135307,,327.9178,241.7946,315.6147,,326.5621,100.7034,61.87394,,14.28223,,,
-2.653033,3.249393,0.5557337,,0.2849064,3.342093,-0.6454248,,327.291,241.7135,316.2678,,327.1659,100.9354,60.07541,,14.38281,,,
-2.587332,3.151499,0.4743581,,0.2174196,3.313692,-0.3570366,,326.9531,241.6893,316.5201,,327.687,100.9338,58.36779,,14.49219,,,
-2.582279,3.131914,0.4380927,,0.1666207,3.238369,-0.1579571,,326.6501,241.5023,316.5576,,328.1151,100.215,57.44962,,14.59668,,,
-2.59794,3.107055,0.4291329,,0.1288695,2.987053,-0.1706076,,326.5406,241.4071,316.677,,327.6863,99.71689,57.51771,,14.70508,,,
-2.617159,3.087277,0.3659115,,0.02936745,2.783772,-0.1547623,,326.576,241.464,316.8705,,327.6672,98.3919,57.82425,,14.80664,,,
-2.644226,3.107669,0.2818594,,-0.005792141,2.721369,-0.1142769,,326.3833,241.6384,316.8305,,328.0106,96.83168,57.80091,,14.91504,,,
-2.692387,3.145577,0.1535821,,-0.05122948,2.613887,0.07855129,,326.3483,241.7172,316.8223,,328.4241,95.90804,58.18756,,15.03027,,,
-2.712427,3.160964,0.1011972,,-0.09011841,2.550321,0.2687311,,326.1382,241.7046,316.7791,,328.6436,96.15381,58.20721,,15.13184,,,
-2.719149,3.166076,0.08374548,,-0.1297817,2.526344,0.4619265,,326.0505,241.7321,316.7609,,329.0503,96.09457,58.07952,,15.24121,,,
-2.714684,3.169051,0.08289433,,-0.2456169,2.540513,0.6236916,,325.8443,241.8253,316.6899,,329.5686,95.6423,58.23869,,15.34375,,,
-2.714684,3.169052,0.08289433,,-0.3187604,2.505921,0.6321239,,325.7043,241.8775,316.6604,,329.8112,95.33718,58.44133,,15.45605,,,
-2.644866,3.209958,0.06792402,,-0.4280806,2.493683,0.6443367,,325.6948,242.1391,316.2281,,330.2409,94.7801,58.78885,,15.55859,,,
-2.637038,3.220347,0.06078625,,-0.4313087,2.423256,0.6386042,,325.5183,242.1006,315.9546,,330.3281,94.33139,58.68164,,15.66992,,,
-2.618356,3.266955,-0.002125263,,-0.4491892,2.421806,0.650877,,325.452,241.8702,315.8649,,330.4333,93.95696,58.65681,,15.78027,,,
-2.668228,3.315198,-0.1606197,,-0.4646626,2.386617,0.7065144,,325.3519,242.0213,315.7548,,330.3781,93.89122,58.58368,,15.88281,,,
-2.697777,3.35872,-0.2893753,,-0.4866948,2.382014,0.710433,,325.2551,242.1672,315.6215,,330.5847,93.2482,58.57744,,15.99414,,,
-2.735624,3.452435,-0.5334415,,-0.5353198,2.358907,0.7090073,,325.0713,242.4529,315.3898,,330.6846,92.81673,58.7104,,16.0957,,,
-2.762418,3.46524,-0.6513019,,-0.5928893,2.339985,0.6989641,,324.9229,242.3186,315.4827,,330.7703,92.45916,58.92157,,16.20508,,,
-2.661469,3.470854,-0.7687578,,-0.6555362,2.317659,0.6879034,,324.8589,242.4413,315.0564,,330.8036,91.64355,59.15581,,16.30664,,,
-2.488467,3.543195,-0.8861375,,-0.6810203,2.326515,0.6847305,,324.7725,243.0717,315.0912,,330.8971,91.32693,59.19786,,16.41406,,,
-2.067067,3.587754,-1.0159,,-0.7053685,2.335976,0.6740961,,324.418,243.9356,314.6245,,330.9688,91.04526,59.25888,,16.51758,,,
-1.847067,3.588532,-1.01135,,-0.7709084,2.363972,0.6277599,,324.1975,244.1216,314.5734,,331.2844,90.49854,59.44831,,16.62012,,,
-1.849775,3.557138,-1.073897,,-0.8131552,2.382079,0.5994663,,323.9648,244.2701,315.0755,,331.5286,90.0518,59.53052,,16.72461,,,
-1.866598,3.515147,-1.109538,,-0.8119965,2.382637,0.5919552,,323.8749,244.2992,315.2988,,331.551,89.97105,59.50951,,16.83301,,,
-1.918297,3.448399,-1.105093,,-0.8109999,2.377772,0.5840158,,323.7324,243.7956,315.9007,,331.5511,89.94743,59.50963,,16.9375,,,
-2.093623,3.300264,-1.060585,,-0.8098378,2.37833,0.5765085,,323.5865,242.7877,317.171,,331.551,89.92402,59.50944,,17.04785,,,
-2.204071,3.138745,-0.8962355,,-0.8004117,2.382796,0.516449,,324.0463,241.2054,318.6749,,331.5286,89.81631,59.53043,,17.16016,,,
-2.156774,3.101724,-0.7750659,,-0.7729826,2.388315,0.4439182,,324.1966,240.2047,318.8327,,331.3501,89.93087,59.51998,,17.26172,,,
-2.099365,3.068969,-0.6493979,,-0.7587953,2.406672,0.3934784,,324.2475,239.6035,318.8193,,331.3574,89.92487,59.52412,,17.37402,,,
-2.076939,3.053433,-0.5950398,,-0.751976,2.463124,0.3679142,,324.2882,239.529,318.7513,,331.6925,89.79308,59.3982,,17.47754,,,
-2.062104,3.043036,-0.5587673,,-0.7470036,2.49733,0.348115,,324.3572,239.3565,318.8428,,331.9831,89.79905,59.3875,,17.58105,,,
-2.044065,3.021844,-0.5118065,,-0.7442636,2.503872,0.3335981,,324.3546,239.1515,318.7981,,332.0945,89.87637,59.37664,,17.68359,,,
-2.010753,2.982992,-0.4534874,,-0.7442636,2.503871,0.3335981,,324.4413,238.9371,318.8473,,332.0946,89.87666,59.37648,,17.79492,,,
-1.985606,2.954016,-0.3965874,,-0.7442622,2.503871,0.3335981,,324.6092,238.9744,318.9074,,332.0501,89.78532,59.37186,,17.89746,,,
-1.985604,2.954015,-0.3965859,,-0.7392015,2.502042,0.3343182,,324.6294,239.0431,318.9102,,332.125,89.77061,59.31512,,18.00098,,,
-2.010984,2.955745,-0.4161363,,-0.7392015,2.502042,0.3343182,,324.6215,239.0879,318.9223,,332.125,89.77061,59.31513,,18.10352,,,
-2.037339,2.970748,-0.4614668,,-0.7290702,2.498382,0.335762,,324.6189,239.2599,318.9508,,332.0958,89.78973,59.27406,,18.21387,,,
-2.098476,3.033873,-0.5315061,,-0.7189331,2.494732,0.3372059,,324.6189,239.6133,319.0241,,332.1337,89.84228,59.21724,,18.31738,,,
-2.130839,3.058704,-0.6015506,,-0.7018251,2.50609,0.3332434,,324.5987,239.8274,319.0944,,332.2243,89.91413,59.12419,,18.42285,,,
-2.136225,3.066364,-0.6348562,,-0.6567297,2.577041,0.4385548,,324.5811,239.8929,319.2097,,332.0659,91.31906,58.96871,,18.52832,,,
-2.130997,3.060544,-0.631135,,-0.6602926,2.670614,0.498744,,324.5811,239.8692,319.2831,,332.7559,92.82465,54.97822,,18.63086,,,
-2.11758,3.08869,-0.6286583,,-0.6516342,2.682165,0.5163517,,324.5251,239.9825,319.1228,,333.2216,93.06096,53.56812,,18.7373,,,
-2.146553,3.272356,-0.6096888,,-0.610292,2.669372,0.5526619,,324.5888,240.4331,318.7434,,333.3678,93.37055,53.17257,,18.84082,,,
-2.381754,3.69802,-0.480864,,-0.5691161,2.651344,0.5884066,,325.0785,240.8993,318.4899,,333.5828,93.70995,52.98331,,18.94434,,,
-2.647315,4.015288,-0.3984151,,-0.5447731,2.64208,0.5991726,,325.8538,241.0001,318.908,,333.7177,93.87577,52.90809,,19.05664,,,
-2.994607,4.366529,-0.4467211,,-0.5073843,2.626602,0.6267033,,326.4953,241.4589,319.5408,,333.9706,94.11809,52.72464,,19.1582,,,
-3.271356,4.605228,-0.5670915,,-0.5022697,2.624884,0.6273727,,326.9663,241.4517,319.8838,,334.1602,94.22078,52.51605,,19.25977,,,
-3.595799,4.879303,-0.7019143,,-0.4986124,2.617203,0.6349697,,327.4571,240.8908,320.0854,,334.2824,94.31532,52.54135,,19.3623,,,
-3.812492,5.087157,-0.6285005,,-0.4946442,2.614943,0.6430092,,327.95,240.4925,320.2186,,334.359,94.31847,52.48913,,19.4707,,,
-4.090014,5.360343,-0.4474001,,-0.4946461,2.614943,0.6430111,,328.7573,240.1832,320.3729,,334.5169,94.31973,52.44519,,19.57324,,,
-4.236245,5.55169,-0.323977,,-0.4946465,2.614943,0.6430101,,329.1787,240.1226,320.3175,,334.5169,94.31985,52.44513,,19.68457,,,
-4.549002,5.855846,-0.0804553,,-0.4946427,2.614944,0.643012,,329.6873,240.0359,320.2855,,334.6524,94.38116,52.3456,,19.80078,,,
-4.913332,6.051459,0.2226777,,-0.4949446,2.60953,0.642561,,330.2525,240.2212,320.6989,,334.698,94.47257,52.3496,,19.9043,,,
-5.131672,6.042558,0.4239712,,-0.4898367,2.607814,0.6432285,,330.3555,239.7139,321.2209,,334.7749,94.45141,52.2251,,20.01367,,,
-5.500912,5.904889,0.5941205,,-0.4898248,2.607814,0.6432295,,330.4156,239.4848,321.204,,334.7749,94.45135,52.152,,20.11914,,,
-5.852644,5.878553,0.6873331,,-0.4898357,2.607815,0.6432285,,330.3948,239.2184,321.2402,,334.7748,94.4514,52.15182,,20.22168,,,
-6.131723,6.095039,0.5686288,,-0.4847212,2.606103,0.6438951,,330.1565,239.4865,320.4324,,334.8293,94.49085,52.11776,,20.32422,,,
-6.364151,6.302572,0.3763061,,-0.4858599,2.605559,0.6512651,,330.0352,239.9059,320.1492,,334.8294,94.51463,52.0443,,20.43652,,,
-6.627147,6.430892,0.1524448,,-0.4881372,2.604463,0.6660061,,330.1707,239.7417,320.1903,,334.8071,94.62233,52.13488,,20.53906,,,
-6.783463,6.518687,0.173306,,-0.4892712,2.603918,0.673378,,330.3265,239.1932,320.2561,,334.8293,94.58511,52.04428,,20.64453,,,
-7.219672,6.763184,0.4613967,,-0.4892712,2.603916,0.673377,,330.9061,238.5555,320.3766,,334.8749,94.67649,52.12182,,20.75,,,
-7.738724,7.016859,0.7288332,,-0.4892726,2.603917,0.6733761,,331.7494,237.7076,320.5565,,334.7845,94.70638,52.07898,,20.85547,,,
-8.415895,7.280243,0.9309988,,-0.4892712,2.60392,0.6733761,,332.833,236.599,320.922,,334.7845,94.70655,52.07868,,20.95801,,,
-8.807738,7.42409,0.8950191,,-0.4892607,2.60392,0.6733809,,333.8774,235.9474,321.1696,,334.875,94.67672,52.0483,,21.06055,,,
-9.261641,7.574981,0.7541351,,-0.489274,2.603918,0.673378,,334.9624,235.437,321.4585,,334.9426,94.70695,51.96234,,21.16309,,,
-9.583915,7.681777,0.7311983,,-0.4841557,2.602209,0.6740389,,335.526,234.8674,321.5265,,334.9293,94.71587,51.94134,,21.27539,,,
-9.866323,7.842952,0.7738004,,-0.4841547,2.602207,0.674037,,336.0867,234.1806,321.283,,334.9516,94.65514,51.85091,,21.37891,,,
-10.0205,7.92903,0.8367529,,-0.4841566,2.602209,0.674036,,336.8279,233.5633,321.2266,,334.907,94.77666,51.95826,,21.48242,,,
-9.733672,7.850117,0.8561888,,-0.4841557,2.602207,0.6740379,,337.1518,232.2917,321.4485,,334.907,94.77667,51.88488,,21.58789,,,
-9.086263,7.645884,0.8068237,,-0.4835472,2.61304,0.6749344,,336.5568,232.291,321.5228,,334.8845,94.83743,51.97522,,21.69629,,,
-8.031877,6.795422,0.8560743,,-0.4669905,2.820287,0.6701279,,335.7508,231.3933,323.5504,,334.5013,95.80038,52.26176,,21.8125,,,
-6.974302,5.875443,0.8441868,,-0.4338498,3.353385,0.6771135,,333.7937,232.4308,324.9735,,334.9759,96.84087,52.5052,,21.91797,,,
-6.441794,5.540552,0.8936291,,-0.383256,3.834385,0.7283516,,332.8562,233.398,324.766,,335.4832,98.29305,52.64844,,22.01953,,,
-5.766561,5.087526,1.096168,,-0.4990745,3.902278,0.8511639,,332.1095,234.1464,324.6716,,335.0169,99.72494,53.38229,,22.12305,,,
-5.13108,4.557502,1.259237,,-0.780724,4.006632,0.8781433,,331.2587,234.929,324.4884,,334.7306,99.47031,54.61103,,22.2334,,,
-4.30205,3.708493,1.453763,,-1.085695,4.102975,1.003882,,330.2754,236.9223,324.2688,,334.3152,99.86153,54.4554,,22.33398,,,
-3.926073,3.322902,1.66047,,-1.131705,4.096609,1.198942,,329.4279,238.0551,322.8974,,333.6317,99.85303,54.19025,,22.44336,,,
-3.80634,3.149999,1.833272,,-1.166271,4.101094,1.272526,,328.9521,239.0824,322.2298,,333.1319,99.66843,54.36089,,22.5459,,,
-4.089013,3.164035,1.883108,,-1.165343,4.101642,1.264923,,328.8363,239.067,322.3533,,332.9629,99.47434,54.46678,,22.64941,,,
-5.3804,4.254212,1.876596,,-1.150133,4.090853,1.25825,,330.2994,238.7214,321.4006,,332.9385,99.63474,54.34616,,22.75391,,,
-6.853865,5.770593,1.754503,,-1.106223,4.003679,1.272829,,332.7578,239.0834,319.6348,,332.9998,99.74176,54.12571,,22.86426,,,
-8.715508,7.782645,1.410982,,-1.069824,3.892365,1.276977,,336.3438,238.5969,315.0412,,333.2845,99.67332,53.70568,,22.9668,,,
-9.97231,8.41673,1.35773,,-1.036092,3.828543,1.27648,,338.4193,236.3695,316.1659,,333.4099,99.8037,53.46079,,23.07031,,,
-11.20439,8.623488,1.503873,,-1.001541,3.735497,1.281679,,340.6259,233.2254,317.8744,,333.5092,99.8122,53.17542,,23.17285,,,
-11.76461,8.934027,1.515106,,-0.9709496,3.684539,1.281717,,342.257,231.4311,317.1419,,333.5306,100.012,53.00525,,23.2832,,,
-11.85757,8.980865,1.417077,,-0.9402184,3.633667,1.281777,,343.2224,230.2248,317.3996,,333.5526,100.212,52.90756,,23.38672,,,
-11.94338,9.001912,1.340618,,-0.9314117,3.619145,1.281796,,343.3949,230.2989,317.4596,,333.5794,100.1131,53.12168,,23.49121,,,
-12.03132,9.023381,1.255607,,-0.9327459,3.608385,1.280865,,343.5006,230.1806,317.5527,,333.7721,99.85141,53.31333,,23.59277,,,
-12.08716,9.036937,1.189024,,-0.9334068,3.603008,1.280396,,343.4076,229.9375,317.7249,,333.9044,99.92118,53.35581,,23.70313,,,
-12.37247,9.079304,0.8848853,,-0.9283357,3.601129,1.280874,,343.0616,230.7753,318.3521,,333.9078,100.0849,53.42548,,23.80664,,,
-12.82516,9.137023,0.3209195,,-0.9239187,3.593873,1.280886,,343.0226,231.4798,319.1253,,334.0789,100.0451,53.33908,,23.91504,,,
-13.1721,9.157492,-0.077775,,-0.9297457,3.580412,1.317568,,343.4773,229.5813,319.87,,334.0788,100.1629,53.41224,,24.01953,,,
-12.87033,9.110795,0.05884266,,-0.9319391,3.56911,1.324162,,343.3169,227.7993,320.1716,,334.1703,100.1618,53.37974,,24.11914,,,
-12.01346,8.99504,0.2185926,,-0.9325948,3.563726,1.323703,,342.6953,227.6966,319.869,,334.1703,100.1617,53.45326,,24.2207,,,
-10.11695,8.512157,0.3687487,,-0.9325953,3.563726,1.323701,,341.179,229.8233,319.1038,,334.3534,100.1117,53.38917,,24.33691,,,
-8.414646,7.744503,0.5903053,,-0.9308062,3.564806,1.308654,,339.3373,232.8442,319.2644,,334.3535,100.0645,53.38923,,24.43945,,,
-7.428653,7.109443,0.8959332,,-0.9281034,3.566424,1.286081,,338.2286,234.184,320.0237,,334.3283,100.0538,53.40598,,24.5459,,,
-6.361905,6.4157,1.347956,,-0.9281011,3.566429,1.286081,,337.0199,236.2333,320.469,,334.3944,100.0881,53.39121,,24.64648,,,
-5.670771,6.011498,1.739397,,-0.9280949,3.566427,1.286083,,336.0362,237.32,320.1191,,334.4196,100.0283,53.30088,,24.75684,,,
-4.678852,5.288476,2.306168,,-0.9280949,3.566425,1.286082,,334.9872,238.6238,320.0082,,334.4199,100.0284,53.37423,,24.87207,,,
-3.948503,4.648662,2.617177,,-0.9201031,3.576138,1.226376,,333.7058,240.1041,319.9194,,334.3946,99.92327,53.39111,,24.97363,,,
-3.809513,4.379442,2.589923,,-0.9011869,3.621946,1.116956,,333.2141,240.4485,320.3518,,334.3438,99.68922,53.42498,,25.08203,,,
-4.067439,3.980232,2.530377,,-0.8929696,3.67582,1.02212,,332.6083,239.6786,321.5372,,334.1492,99.66341,53.51243,,25.18359,,,
-4.309293,3.606208,2.530431,,-0.9063811,3.678165,1.08964,,332.138,238.7427,321.8662,,333.6264,100.1667,53.74652,,25.29395,,,
-4.546092,3.166629,2.697762,,-0.9053888,3.678711,1.082127,,331.8099,237.7276,321.3287,,333.754,99.84545,53.73577,,25.39648,,,
-4.617058,2.907067,2.985646,,-0.9175062,3.68139,1.096092,,331.7513,236.5052,321.1236,,333.7524,99.93227,53.79734,,25.49902,,,
-4.615981,2.69178,3.399787,,-0.921586,3.683827,1.088047,,331.8782,235.8264,321.0842,,333.597,99.1531,53.5395,,25.60254,,,
-4.801802,3.049011,3.453239,,-0.9105077,3.689842,1.005384,,332.7086,236.1932,320.6367,,333.2262,98.62263,52.95797,,25.71289,,,
-4.969624,3.649227,3.272389,,-0.9111919,3.68447,1.0049,,334.0455,237.1582,319.5475,,333.4087,98.57518,52.45168,,25.81348,,,
-5.117685,3.862119,3.289901,,-0.9152584,3.68228,1.034956,,334.7676,237.0262,319.3295,,333.5916,98.62164,52.31216,,25.9248,,,
-5.160048,3.83826,3.355453,,-0.9149351,3.677448,1.026956,,334.9534,236.2258,319.6102,,333.4649,98.89411,52.4723,,26.02637,,,
-4.854777,3.758264,3.489551,,-0.9128909,3.678547,1.011927,,335.3071,236.3811,318.8689,,333.5971,98.91755,52.36776,,26.13477,,,
-3.554545,4.364932,3.559192,,-0.8907967,3.666509,0.9525566,,335.5686,240.4575,313.1727,,333.6364,98.58092,52.24899,,26.2373,,,
-2.651772,5.013474,3.494837,,-0.8802929,3.65791,0.9457026,,336.0618,243.2629,313.0123,,333.8291,98.25607,52.01172,,26.3457,,,
-2.145552,5.595175,3.179979,,-0.8789535,3.633972,0.951828,,336.3252,245.815,314.5475,,333.9745,98.29961,51.94164,,26.46191,,,
-2.506506,5.591005,2.666397,,-0.8806548,3.628045,0.9588413,,335.2685,246.3273,317.2546,,333.9742,98.32327,51.9417,,26.56934,,,
-3.18193,5.337556,2.224478,,-0.8802767,3.623216,0.9508543,,334.4194,245.2554,320.4467,,333.9494,98.35907,51.88577,,26.67188,,,
-4.196725,4.935174,1.744227,,-0.8819809,3.617285,0.9578686,,334.1089,243.8488,322.0931,,334.0157,98.4174,51.94365,,26.77734,,,
-4.910532,4.599115,1.576732,,-0.8864059,3.604882,0.9794159,,334.3047,242.1385,322.0591,,334.0155,98.48785,51.94391,,26.88965,,,
-5.535125,4.1515,1.787558,,-0.8874273,3.604333,0.9869213,,334.3813,239.6094,321.083,,334.041,98.45213,51.92666,,26.99023,,,
-5.52405,3.945807,2.063135,,-0.8864069,3.60488,0.979414,,334.5434,238.9083,319.9308,,334.1321,98.40376,51.8939,,27.09082,,,
-5.302453,3.740783,2.367454,,-0.8843327,3.60598,0.964407,,334.7946,238.5686,319.6049,,334.1321,98.35664,51.89386,,27.19141,,,
-5.149368,3.585309,2.735293,,-0.8801551,3.608172,0.9343929,,334.9672,238.6443,319.5574,,334.0156,98.3465,51.94385,,27.30664,,,
-5.116984,3.544941,2.859246,,-0.8737907,3.611475,0.8893871,,334.8099,239.1978,319.5738,,333.9653,98.32408,51.97834,,27.42383,,,
-5.231822,3.302186,2.889497,,-0.8737955,3.61147,0.8893871,,334.4681,238.3888,320.7534,,334.0409,98.14606,51.92624,,27.54004,,,
-5.766256,2.888943,3.066596,,-0.8727179,3.612022,0.8818874,,333.8568,236.2955,322.3173,,334.0659,98.06287,51.90905,,27.64258,,,
-5.992227,2.81389,3.132073,,-0.8737917,3.611473,0.8893881,,334.0791,235.5832,322.5187,,334.0998,97.81438,51.85443,,27.75488,,,
-5.593676,3.003949,3.086284,,-0.8737922,3.611473,0.8893871,,334.5497,236.2922,320.3629,,334.1911,97.78952,51.82165,,27.85645,,,
-5.479465,3.042354,3.089089,,-0.8727212,3.61202,0.8818865,,334.3138,235.6997,319.6104,,334.2412,97.64704,51.71351,,27.96582,,,
-5.538263,3.045148,3.153533,,-0.8737946,3.611471,0.8893871,,334.0355,235.0674,319.6271,,334.2411,97.67062,51.78683,,28.06836,,,
-5.674317,3.169187,3.220592,,-0.8737917,3.611472,0.8893881,,334.1763,233.983,320.1317,,334.2161,97.72962,51.80465,,28.17773,,,
-5.591274,3.153127,3.196218,,-0.8820505,3.611703,0.9113092,,334.3045,234.3553,320.521,,334.2538,97.7319,51.88182,,28.27832,,,
-5.303473,3.101361,3.113048,,-0.8809881,3.612256,0.9038067,,334.1674,235.6983,319.9027,,334.3449,97.68333,51.84945,,28.38574,,,
-4.933618,2.943863,2.935236,,-0.8820534,3.611703,0.9113083,,333.487,237.5857,319.3212,,334.3449,97.70672,51.77636,,28.4873,,,
-4.735203,2.809155,2.844308,,-0.8820496,3.611706,0.911315,,332.7155,238.3038,319.496,,334.345,97.70702,51.77599,,28.59473,,,
-4.466968,2.733613,2.870221,,-0.8820505,3.611705,0.9113102,,332.3547,239.3615,319.1931,,334.345,97.70692,51.77601,,28.69727,,,
-4.256813,2.785433,2.93739,,-0.8820524,3.611706,0.9113102,,332.6123,240.6621,318.4211,,334.3036,97.61305,51.77351,,28.80762,,,
-3.86411,2.919287,3.02811,,-0.8820496,3.611704,0.9113083,,333.1525,242.4588,316.4957,,334.395,97.58813,51.741,,28.91113,,,
-3.765652,2.950856,3.018384,,-0.8820529,3.611705,0.9113092,,333.1459,243.0642,315.9592,,334.3699,97.64751,51.75849,,29.01855,,,
-3.762115,2.884351,2.863523,,-0.8892336,3.612488,0.925745,,333.0037,243.5328,316.1293,,334.3825,97.68532,51.78029,,29.12012,,,
-3.775828,2.817904,2.718841,,-0.9005694,3.611081,0.9702282,,332.9061,243.8698,316.2044,,334.395,97.79362,51.87538,,29.22266,,,
-3.786108,2.821409,2.615749,,-0.9856958,3.610494,1.135983,,332.8572,244.0372,315.8739,,334.5204,98.30525,52.15515,,29.32617,,,
-3.797071,2.835887,2.585478,,-1.193577,3.434127,1.22125,,332.7849,244.1927,315.7943,,334.4496,98.1847,52.92469,,29.4375,,,
-3.817857,2.881828,2.473771,,-1.324398,3.293135,1.359807,,332.8402,244.485,315.8112,,333.2357,99.3543,53.54203,,29.54004,,,
-3.837841,2.908385,2.393113,,-1.4253,3.200081,1.436232,,332.8072,244.6276,315.7978,,332.993,99.36477,53.88976,,29.64355,,,
-3.835449,2.956553,2.301124,,-1.503377,3.114418,1.626927,,332.8321,244.9553,315.6407,,332.7793,99.87039,52.70061,,29.74609,,,
-3.798375,2.987135,2.257179,,-1.57896,3.024542,1.75569,,332.8307,245.2365,315.4848,,332.8363,100.3536,52.5632,,29.8584,,,
-3.711098,3.023477,2.239813,,-1.704613,2.964595,1.915226,,333.0371,245.4357,315.2188,,333.0007,100.5497,52.74882,,29.95996,,,
-3.607194,3.033784,2.215957,,-1.760854,2.939273,1.956767,,333.0211,245.6458,314.8838,,333.0917,100.4954,52.81984,,30.06055,,,
-3.47739,3.063233,2.165593,,-1.770992,2.921367,2.010536,,332.9118,246.0515,314.3864,,333.2434,100.3704,52.66613,,30.16309,,,
-3.477765,3.088855,2.109035,,-1.773328,2.919203,2.042085,,332.8058,246.4239,314.4491,,333.2433,100.4644,52.6664,,30.27539,,,
-3.515539,3.133136,1.971129,,-1.788708,2.913206,2.11229,,332.7083,246.8909,314.4305,,333.3333,100.6969,52.61864,,30.37891,,,
-3.516068,3.129733,1.968303,,-1.817268,2.904983,2.149641,,332.6689,246.9432,314.4141,,333.4403,100.6634,52.73793,,30.48047,,,
-3.525307,3.121824,1.952487,,-1.838568,2.907099,2.164318,,332.6321,246.8989,314.399,,333.505,100.662,52.7735,,30.58203,,,
-3.534567,3.171677,1.867362,,-1.931711,2.863328,2.227333,,332.6673,247.0254,314.3295,,333.7252,100.7103,53.06857,,30.69336,,,
-3.53062,3.174914,1.874578,,-2.055287,2.816118,2.305128,,332.6359,247.0757,314.1982,,333.6853,100.7523,52.67646,,30.79883,,,
-3.513398,3.182733,1.878767,,-2.058691,2.809465,2.314234,,332.652,247.0749,314.1488,,333.7561,100.6795,52.26239,,30.90039,,,
-3.442573,3.210375,1.883503,,-2.059549,2.808546,2.314043,,332.6479,247.0658,313.9618,,333.8072,100.7091,52.29746,,31.00293,,,
-3.444155,3.212147,1.877953,,-2.058977,2.810562,2.315441,,332.6478,247.0893,313.9618,,333.722,100.7316,51.96603,,31.11426,,,
-3.444156,3.212146,1.877953,,-2.059745,2.811738,2.315044,,332.5899,247.1762,313.9593,,333.7045,100.9224,51.58648,,31.21973,,,
-3.444154,3.212146,1.877952,,-2.058125,2.810351,2.316415,,332.5763,247.1071,313.8803,,333.8328,100.8447,51.40156,,31.32031,,,
-3.444158,3.212146,1.877952,,-2.054818,2.810911,2.320546,,332.5763,247.1071,313.9536,,334.0038,100.9077,50.21329,,31.42383,,,
-3.444154,3.212146,1.877952,,-2.062289,2.819673,2.315439,,332.5764,247.107,313.8804,,333.7545,102.1975,48.25636,,31.53125,,,
-3.442572,3.210374,1.883504,,-2.05184,2.812664,2.328413,,332.5763,247.0835,313.8804,,334.295,102.9669,44.86132,,31.63281,,,
-3.445929,3.214091,1.885643,,-2.030819,2.796196,2.274342,,332.5764,247.0834,313.9538,,334.8334,103.8782,42.18092,,31.74609,,,
-3.457583,3.209151,1.888229,,-2.008148,2.77372,2.325373,,332.5102,247.1591,313.9757,,335.2594,104.6086,41.03183,,31.84863,,,
-3.471926,3.204379,1.892525,,-2.017491,2.78796,2.323453,,332.4967,247.0898,313.9702,,335.5591,105.9055,38.94658,,31.95117,,,
-3.450177,3.209319,1.892031,,-2.016245,2.804698,2.342914,,332.4966,247.0664,313.97,,336.0866,106.2803,37.59325,,32.05371,,,
-3.475964,3.203039,1.893732,,-2.016687,2.825495,2.35745,,332.4966,247.0899,313.9702,,336.2268,106.1414,37.70045,,32.16504,,,
-3.461661,3.214923,1.884568,,-2.016217,2.822011,2.355411,,332.5682,247.0957,313.9783,,336.5279,106.2032,37.66798,,32.26758,,,
-3.474635,3.210607,1.888455,,-2.011475,2.826912,2.37528,,332.4966,247.1134,313.8969,,336.5944,105.6422,37.58121,,32.37012,,,
-3.456914,3.216501,1.883148,,-2.014232,2.826303,2.373955,,332.4967,247.1134,313.9702,,336.6195,105.9426,37.64318,,32.47363,,,
-3.480955,3.208505,1.890347,,-2.012336,2.827024,2.376815,,332.4967,247.1134,313.9702,,336.5579,105.7109,37.66965,,32.58594,,,
-3.462029,3.2148,1.88468,,-2.012812,2.828802,2.377187,,332.4967,247.1134,313.9702,,336.4526,105.7338,37.59359,,32.68848,,,
-3.474855,3.210531,1.888522,,-2.012225,2.828552,2.377845,,332.4967,247.1134,313.9702,,336.511,105.6953,37.47305,,32.79004,,,
-3.462597,3.224312,1.887089,,-2.011518,2.831226,2.380356,,332.4966,247.1134,313.9702,,336.441,105.6205,37.10049,,32.89258,,,
-3.49614,3.242312,1.901364,,-2.009504,2.85301,2.394148,,332.4481,246.8944,313.978,,336.4745,106.0169,37.13698,,33.00391,,,
-3.495889,3.249993,1.90513,,-2.004175,2.867166,2.399946,,332.2682,246.358,313.8525,,336.5631,105.9049,37.09533,,33.1084,,,
-3.560212,3.255578,1.923671,,-2.002871,2.858656,2.381161,,332.1544,245.9417,313.9752,,336.4987,105.9283,37.19094,,33.21191,,,
-3.571358,3.245234,1.916203,,-1.903781,2.870922,2.373741,,331.8917,244.3538,314.0515,,336.458,106.068,36.66136,,33.31738,,,
-3.602817,3.299562,1.904708,,-1.71552,2.930507,2.372393,,332.0685,241.2887,319.3363,,336.4657,106.6785,35.81678,,33.42871,,,
-3.735201,3.35064,1.86945,,-1.466901,2.998023,2.367535,,332.2394,238.6067,325.0668,,336.2594,107.2686,35.23499,,33.54004,,,
-3.869302,3.416501,1.884832,,-1.328472,3.080456,2.350039,,332.6593,236.7528,329.1096,,336.504,107.5334,35.63554,,33.64258,,,
-4.049801,3.41661,1.913208,,-1.128554,3.190816,2.354015,,333.1125,235.8348,330.4665,,336.7561,108.2212,35.2804,,33.75879,,,
-4.210318,3.366406,1.926614,,-0.8120885,3.300505,2.335228,,333.4377,235.404,331.4035,,337.207,108.8072,35.42828,,33.87012,,,
-4.242509,3.355042,1.932719,,-0.4098902,3.378203,2.34359,,333.5629,235.3054,331.6449,,337.2838,109.5449,35.2487,,33.97168,,,
-4.242521,3.355042,1.932719,,0.1072769,3.485254,2.319458,,333.563,235.3053,331.6452,,337.4498,110.0567,35.49721,,34.08105,,,
-4.253988,3.351993,1.941474,,0.5027514,3.637151,2.265548,,333.5566,235.259,331.7696,,337.6312,110.4854,35.60131,,34.18262,,,
-4.287099,3.356364,1.952799,,1.075107,3.760714,1.990589,,333.5442,235.2129,331.873,,337.7143,110.626,35.42792,,34.29297,,,
-4.292838,3.362086,1.975067,,1.367103,3.848298,1.709992,,333.5443,235.1421,331.9465,,337.5961,111.2313,35.94465,,34.39648,,,
-4.306837,3.376325,1.983747,,1.475449,4.041393,1.696082,,333.5443,235.1422,331.8731,,337.8203,111.4349,36.14858,,34.5,,,
-4.323983,3.393844,1.981941,,1.673495,4.341076,1.687814,,333.6165,235.1749,331.9528,,338.213,111.8997,35.92986,,34.60254,,,
-4.297458,3.418289,1.981694,,2.057584,4.708887,1.663734,,333.6753,235.0259,331.7734,,338.5778,112.3292,35.90295,,34.70996,,,
-3.92397,3.682366,1.797916,,2.395769,5.215164,1.65493,,333.9962,236.0383,329.7765,,339.0975,112.9713,35.88674,,34.8125,,,
-3.636359,3.956587,1.7412,,2.664315,5.478075,1.555543,,334.1188,236.5057,330.3196,,339.4568,113.6269,35.63169,,34.92285,,,
-3.391717,4.618263,1.82958,,3.241378,5.624256,1.333731,,334.6061,237.0958,330.1494,,339.8065,113.4538,35.30129,,35.02344,,,
-3.139893,5.347335,1.969474,,3.894961,5.788549,1.128698,,335.5858,237.673,329.8963,,340.1286,113.9431,34.99947,,35.13281,,,
-2.240923,6.171,1.78183,,4.732777,6.011493,0.7963171,,336.4385,239.5364,328.5928,,340.1525,114.9148,36.00678,,35.23242,,,
-1.41166,6.50178,1.596972,,4.965984,6.03116,0.4643106,,336.3167,241.1568,327.8563,,340.2019,114.6302,37.30603,,35.34375,,,
-0.3210344,6.37213,1.267197,,4.755586,5.768616,0.06097794,,334.7226,244.1622,326.0338,,339.5132,113.1784,38.79576,,35.44727,,,
0.2043695,6.203165,1.044715,,4.717883,5.658828,-0.1729889,,333.5937,245.9449,324.9235,,338.527,112.1449,39.14215,,35.55371,,,
0.437521,6.002009,0.9157095,,4.788384,5.64563,-0.4417143,,332.5132,246.6378,324.7587,,338.0368,111.7112,39.30941,,35.65723,,,
0.5534286,5.866697,0.8363595,,4.719009,5.479065,-0.4959021,,331.7436,247.1346,324.4277,,337.6122,111.5459,39.56824,,35.76074,,,
0.6009769,5.804745,0.7842703,,4.526192,5.229622,-0.5687962,,331.2181,247.6351,324.0646,,336.8969,111.1676,40.14315,,35.86133,,,
0.6080647,5.790798,0.7249732,,4.181412,4.805634,-0.6817541,,330.9269,248.0301,323.8688,,336.3639,110.3831,41.21902,,35.96973,,,
0.6051493,5.785026,0.715364,,3.917975,4.413095,-0.6967149,,330.8396,248.198,323.8591,,335.7622,109.5468,41.91832,,36.07324,,,
0.6155539,5.769855,0.6897006,,3.834548,4.137639,-0.6545391,,330.8028,248.1902,323.9178,,335.1743,109.169,41.93743,,36.18359,,,
0.6150942,5.757297,0.6420131,,3.770996,4.035114,-0.51717,,330.7371,248.3467,323.9181,,334.987,108.7592,41.92795,,36.28711,,,
0.6187286,5.751652,0.6302805,,3.726117,4.002228,-0.3802633,,330.7585,248.2642,324.0018,,335.0092,109.1322,41.92202,,36.38965,,,
0.6338167,5.731907,0.619215,,3.669768,3.967359,-0.2160912,,330.6422,248.3664,324.0249,,335.1626,108.3648,41.90697,,36.49121,,,
0.6799412,5.669002,0.5669742,,3.559244,3.82691,-0.05595207,,330.4466,248.6731,323.7925,,335.2293,108.1488,42.05614,,36.60059,,,
0.7083063,5.627935,0.5184541,,3.451968,3.586881,0.06847954,,330.2507,249.0042,323.6324,,334.8968,108.6858,42.19973,,36.70117,,,
0.713172,5.607087,0.4662476,,3.349333,3.357518,0.3131361,,329.9895,249.4218,323.4712,,334.6772,109.8492,42.23933,,36.81055,,,
0.7262106,5.575892,0.4169331,,3.285081,3.283593,0.5678463,,329.9235,249.5554,323.4705,,334.8311,109.451,42.11623,,36.91113,,,
0.7483654,5.518997,0.3300476,,3.222041,3.258498,0.8937836,,329.6974,249.7957,323.501,,335.0792,109.1551,41.53743,,37.02051,,,
0.7495499,5.443444,0.235702,,3.181624,3.240849,1.127461,,329.4892,249.9436,323.5378,,335.1473,109.4297,41.2182,,37.12207,,,
0.7330141,5.403797,0.1761618,,3.154776,3.225326,1.333253,,329.1228,249.9446,323.5503,,335.5133,109.5379,40.99931,,37.23047,,,
0.7304726,5.406014,0.1688447,,3.189112,3.218975,1.397999,,329.0648,250.0202,323.5967,,335.5294,109.7908,40.72654,,37.33105,,,
0.7304745,5.406015,0.1688452,,3.265527,3.213417,1.43856,,328.8911,250.177,323.5161,,335.591,109.7787,40.37107,,37.44043,,,
0.730463,5.406017,0.1688457,,3.329228,3.210621,1.45343,,328.833,250.2295,323.4888,,335.6063,110.2353,40.13485,,37.54102,,,
0.7304754,5.406014,0.1688442,,3.372701,3.191721,1.476027,,328.681,250.28,323.5654,,335.5228,110.5395,39.8493,,37.65039,,,
0.7304735,5.406018,0.1688452,,3.40256,3.073859,1.524794,,328.6231,250.3329,323.5379,,335.4572,110.7081,39.67589,,37.75684,,,
0.7304735,5.406015,0.1688442,,3.39794,3.002772,1.607526,,328.5078,250.4381,323.5563,,335.4455,110.9477,39.59873,,37.86035,,,
0.7103357,5.421861,0.1007948,,3.443732,2.939566,1.796864,,328.3344,250.809,323.473,,335.4487,112.2889,39.26712,,37.96191,,,
0.6818905,5.446072,0.02042198,,3.513483,2.908268,1.925254,,328.1038,251.2805,323.3613,,335.5741,112.6651,38.88736,,38.07031,,,
0.6812973,5.431414,-0.07274246,,3.595849,2.87806,2.0478,,327.9885,251.6228,323.2316,,335.6573,113.1996,38.41611,,38.17285,,,
0.6803665,5.414661,-0.1754746,,3.613226,2.860897,2.070762,,327.7224,252.0422,323.1017,,335.6992,113.8021,38.13435,,38.2832,,,
0.693162,5.365594,-0.3467755,,3.612254,2.859272,2.069221,,327.5143,252.5505,322.9256,,335.8223,113.9178,38.12622,,38.3877,,,
0.7481718,5.267451,-0.4682069,,3.611934,2.857977,2.06843,,327.113,253.1182,322.7206,,335.851,113.913,38.36879,,38.48926,,,
0.9195538,4.976962,-0.6637506,,3.605162,2.857983,2.062646,,325.8859,254.4886,322.0206,,335.7843,114.4926,38.57567,,38.59277,,,
0.9937944,4.851647,-0.7016616,,3.613657,2.85427,2.076424,,325.3523,255.447,321.6703,,335.9352,113.092,38.64705,,38.70801,,,
1.043164,4.780944,-0.6958694,,3.595112,2.848128,2.088433,,324.9843,256.0475,321.5272,,335.9996,112.4,38.68707,,38.81055,,,
1.076683,4.659563,-0.753387,,3.485113,2.773623,2.214609,,324.9178,256.2499,321.7488,,336.0835,112.1399,38.786,,38.91309,,,
1.057833,4.469569,-0.820457,,3.389773,2.811641,2.313823,,324.9193,257.1466,322.7036,,336.4313,111.7559,39.05514,,39.01758,,,
1.005378,4.441683,-0.8629575,,3.353467,2.816958,2.303202,,324.9368,258.0376,322.8195,,336.5675,111.6089,39.11619,,39.12109,,,
0.9998055,4.445992,-0.8776059,,3.363924,2.807075,2.35837,,324.8893,258.2991,322.7226,,336.5731,111.6548,39.11373,,39.22461,,,
1.008502,4.441708,-0.8461075,,3.354583,2.790603,2.352104,,324.8655,258.3119,322.6378,,336.6536,111.4781,39.08027,,39.33887,,,
1.050109,4.411378,-0.7266026,,3.36085,2.795897,2.360834,,324.8846,258.2513,322.6558,,336.5718,111.5045,38.98604,,39.4502,,,
1.074745,4.379741,-0.5206304,,3.383495,2.810764,2.381759,,325.0329,257.7764,322.872,,336.5918,111.5436,38.84218,,39.55176,,,
1.097736,4.322188,-0.3762407,,3.466269,2.790821,2.315627,,325.4042,257.0275,323.3728,,336.5819,111.477,38.60184,,39.66602,,,
1.099057,4.280154,-0.3002687,,3.430432,2.760686,2.233603,,325.4651,256.7546,323.596,,336.5151,111.5691,38.65203,,39.77051,,,
1.106982,4.258753,-0.2561126,,3.561042,2.819334,2.151901,,325.4444,256.5846,323.6468,,336.3068,113.1291,38.30782,,39.87695,,,
1.129776,4.221807,-0.1773977,,3.593629,2.830867,2.082443,,325.4235,256.2966,323.6242,,336.1305,113.4788,38.08441,,39.97949,,,
1.152121,4.20159,-0.1112299,,3.616058,2.840266,2.092024,,325.4893,256.1884,323.6645,,336.1929,113.5222,38.08126,,40.08301,,,
1.196124,4.158828,0.01175976,,3.631907,2.835152,2.128969,,325.5552,255.9151,323.778,,336.1819,113.5164,38.10457,,40.18652,,,
1.227476,4.125108,0.08855152,,3.625278,2.835472,2.132643,,325.5627,255.7903,323.7879,,336.2932,113.1228,38.11477,,40.29004,,,
1.275828,4.058713,0.1409645,,3.613025,2.823535,2.207106,,325.5954,255.6066,323.8079,,336.2704,113.8321,38.1507,,40.39258,,,
1.321855,3.924647,0.1908092,,3.601583,2.800215,2.235065,,325.3794,255.4378,323.913,,336.2755,114.2577,38.22953,,40.50391,,,
1.361731,3.705771,0.2863045,,3.605547,2.79215,2.233364,,325.137,255.2118,324.2957,,336.3154,113.6422,38.27697,,40.60742,,,
1.382968,3.644506,0.3660893,,3.579054,2.750621,2.298525,,325.2493,255.2747,324.5342,,336.3106,113.2187,38.29816,,40.71094,,,
1.269867,3.438553,0.5609021,,3.553142,2.764663,2.314826,,325.1614,254.6652,325.6895,,336.296,112.5021,38.30368,,40.81738,,,
0.9019794,3.048257,0.9389668,,3.553668,2.743668,2.297094,,325.0168,252.5432,328.8521,,336.2914,112.5509,38.30553,,40.92285,,,
0.7968187,2.800855,1.376835,,3.55291,2.770811,2.284162,,326.1042,250.8791,330.4139,,336.3142,112.0952,38.29585,,41.02734,,,
0.8848524,2.67287,1.760037,,3.57295,2.74934,2.21922,,326.5591,249.6702,330.5468,,336.3327,111.5597,38.21066,,41.13086,,,
1.1068,2.646276,2.251774,,3.561647,2.788744,2.169878,,327.7314,249.3363,330.1585,,336.3318,111.4697,38.31586,,41.2334,,,
1.349263,2.704484,2.578477,,3.579866,2.816925,2.070797,,328.5454,249.5376,329.2697,,335.9441,112.4071,38.33702,,41.3457,,,
1.7112,2.893382,2.890206,,3.602443,2.886129,1.933434,,329.6456,250.1439,327.4392,,335.8019,112.8742,38.36615,,41.44922,,,
1.852347,2.89803,3.024619,,3.620871,2.948447,1.893656,,329.7905,250.2074,327.6865,,335.8674,112.7014,38.33952,,41.5498,,,
1.903018,2.801131,3.051515,,3.6367,3.031805,1.86097,,329.6407,250.5203,328.1143,,336.1412,112.8481,38.33757,,41.65332,,,
1.936294,2.736011,3.075154,,3.63838,3.055719,1.828222,,329.4284,250.6217,328.3327,,336.2264,112.6303,38.35762,,41.76563,,,
1.965764,2.677876,3.093284,,3.641859,3.062709,1.806026,,329.2162,250.7474,328.6234,,336.2264,112.536,38.35762,,41.86914,,,
1.968916,2.66982,3.115808,,3.632778,3.045831,1.815289,,329.095,250.7723,328.7209,,336.2433,112.4286,38.37831,,41.97852,,,
1.985709,2.638444,3.102241,,3.606102,3.023261,1.827868,,329.0343,250.8205,328.8426,,336.2148,112.2377,38.47171,,42.0791,,,
2.002903,2.617881,3.083867,,3.558548,3.001313,1.83231,,328.7744,251.1486,328.6444,,336.198,112.2734,38.66883,,42.18164,,,
1.99354,2.642915,2.999251,,3.549746,2.994368,1.854036,,328.5325,251.6014,328.5437,,336.0447,112.5626,38.70346,,42.28809,,,
1.985594,2.651641,2.934505,,3.531586,2.993305,1.869318,,328.4595,251.8262,328.4683,,336.0878,112.3148,38.69501,,42.39844,,,
1.997569,2.630016,2.907783,,3.518838,2.992201,1.885252,,328.3387,251.9705,328.4174,,336.0878,112.5828,38.8222,,42.50977,,,
2.076866,2.634198,2.906148,,3.511513,2.991043,1.901814,,328.4551,252.1652,328.0689,,336.0798,112.8603,38.85234,,42.61133,,,
2.296809,2.610524,2.865133,,3.492765,2.989612,1.922938,,328.616,252.8436,327.1147,,335.9567,112.9126,38.92993,,42.72559,,,
2.338512,2.641028,2.878659,,3.487998,2.990092,1.916615,,328.4549,253.109,326.7476,,336.0171,112.1571,38.93383,,42.8291,,,
2.336967,2.642955,2.871129,,3.488004,2.990095,1.916615,,328.5017,253.2623,326.6747,,336.0276,112.0126,38.93001,,42.93164,,,
2.319401,2.660612,2.800542,,3.494032,2.990431,1.911476,,328.3859,253.3624,326.7738,,336.0249,111.9266,38.90372,,43.03418,,,
2.31687,2.665481,2.78999,,3.494039,2.990429,1.911474,,328.2182,253.5198,326.7778,,336.0353,111.7822,38.89957,,43.14844,,,
2.232441,2.643498,2.704198,,3.49403,2.990428,1.911476,,328.0193,253.6301,327.039,,336.0459,111.6379,38.89532,,43.29785,,,
2.213619,2.623576,2.686791,,3.499429,2.990359,1.91207,,328.0317,253.5809,327.2272,,336.0378,111.6476,38.87135,,43.41406,,,
2.193127,2.630379,2.661416,,3.516269,2.990572,1.908131,,327.9203,253.6533,327.2921,,336.0765,111.8039,38.80094,,43.51855,,,
2.180437,2.645507,2.651072,,3.537871,2.990345,1.910519,,327.9669,253.638,327.3417,,336.1327,111.6323,38.69643,,43.625,,,
2.178753,2.649899,2.652612,,3.549428,2.99561,1.912178,,327.9669,253.638,327.3417,,336.3407,111.5974,38.63927,,43.73828,,,
2.144813,2.659214,2.676861,,3.550948,3.006351,1.913113,,327.9099,253.6861,327.3163,,336.2676,111.5913,38.6417,,43.84277,,,
2.154118,2.667874,2.679815,,3.55711,3.011665,1.914177,,327.9073,253.6648,327.315,,336.3326,111.607,38.61532,,43.9541,,,
2.169025,2.67414,2.673078,,3.61764,3.044728,1.905931,,327.9203,253.6769,327.3654,,336.4772,113.8319,37.75808,,44.05664,,,
2.157621,2.680046,2.681464,,3.62561,3.046322,1.883836,,327.9799,253.6265,327.3189,,336.6583,113.1069,35.51698,,44.16211,,,
2.15344,2.709894,2.686774,,3.634234,3.080936,1.852649,,327.9203,253.6767,327.2923,,336.7002,112.3139,34.76896,,44.2666,,,
2.117047,2.712721,2.728133,,3.651493,3.132002,1.81793,,327.9152,253.4715,327.5067,,336.7747,112.0192,34.59277,,44.37109,,,
1.932488,2.899989,2.918419,,3.702264,3.165662,1.803413,,327.9633,253.2851,328.0203,,336.9413,111.8716,34.46464,,44.47461,,,
1.81604,3.10357,3.05142,,3.723836,3.165658,1.806033,,328.4452,253.2283,328.1454,,336.9879,111.8416,34.36517,,44.58008,,,
1.748627,3.215739,3.135768,,3.723834,3.165655,1.806032,,328.7469,253.0421,328.0743,,337.061,111.8468,34.36325,,44.68066,,,
1.724426,3.488517,3.236264,,3.723842,3.165657,1.806032,,329.2868,253.2667,327.4564,,337.1386,111.7795,34.35957,,44.79785,,,
1.745395,3.8259,3.378928,,3.723845,3.165655,1.806032,,329.7246,253.6776,326.6523,,337.1384,111.7795,34.35962,,44.90918,,,
1.709305,4.317884,3.602664,,3.723845,3.165655,1.806032,,330.3291,253.9206,325.6057,,337.1384,111.7795,34.35962,,45.0127,,,
1.576262,4.611634,3.796056,,3.723838,3.165653,1.806033,,330.7494,253.6817,325.3965,,337.2113,111.7845,34.28442,,45.12598,,,
1.359214,4.883749,3.949979,,3.723834,3.165656,1.806032,,331.2697,253.2971,325.6643,,337.2113,111.7845,34.28436,,45.22949,,,
1.056414,5.220208,4.113007,,3.724526,3.166059,1.800399,,331.9296,252.8095,326.0618,,337.2157,111.6885,34.28268,,45.33496,,,
0.6284904,5.66994,4.30905,,3.725892,3.166869,1.789143,,333.2709,252.4496,326.7958,,337.2845,111.719,34.35553,,45.4375,,,
0.3710279,5.952719,4.388572,,3.725895,3.166868,1.789142,,333.9512,252.4253,327.0601,,337.2113,111.7139,34.28431,,45.54199,,,
0.07486153,6.254959,4.448966,,3.725071,3.161511,1.788654,,334.6539,252.5205,325.8238,,337.349,111.869,34.28355,,45.64551,,,
-0.1915894,6.506907,4.521502,,3.72508,3.161514,1.788654,,335.1668,252.3429,325.4187,,337.276,111.864,34.28558,,45.75,,,
-0.5337543,6.809155,4.616799,,3.725082,3.161513,1.788654,,335.8287,252.05,325.2618,,337.3148,112.449,34.29638,,45.85547,,,
-0.9352236,7.14081,4.74162,,3.724256,3.156153,1.788168,,336.7126,251.4902,325.1985,,337.3837,112.5267,34.29579,,45.9668,,,
-1.498833,7.598853,4.946839,,3.722631,3.145442,1.787197,,337.837,250.9361,325.1733,,337.4523,112.6041,34.29559,,46.06934,,,
-1.721629,7.763763,4.941748,,3.722629,3.145439,1.787197,,338.2608,250.9076,325.2164,,337.4351,112.894,34.302,,46.17188,,,
-2.110955,8.068415,4.933546,,3.721824,3.140081,1.786715,,338.7004,250.6099,324.9916,,337.4394,112.8217,34.30021,,46.27344,,,
-2.535784,8.384356,4.934611,,3.727212,3.140082,1.787374,,339.3706,250.3611,324.8254,,337.505,112.8357,34.34777,,46.38574,,,
-3.06275,8.71406,4.830682,,3.731799,3.134728,1.787551,,339.9327,249.7604,324.8034,,337.502,112.7724,34.24899,,46.48828,,,
-3.325338,8.889601,4.73077,,3.737191,3.13474,1.788212,,340.2385,249.5699,324.738,,337.4947,112.7816,34.29825,,46.58984,,,
-3.294613,8.944486,4.483978,,3.742779,3.137982,1.743214,,340.4424,249.8689,324.6898,,337.5677,112.5981,34.29629,,46.69141,,,
-2.628171,8.87757,3.809062,,3.804079,3.223963,1.453391,,340.0933,251.0927,323.9536,,337.0519,112.4265,34.20834,,46.80371,,,
-1.531544,8.369537,2.938394,,3.930133,3.562576,1.028187,,338.7027,252.7029,323.1986,,336.7232,112.3904,34.32224,,46.90625,,,
-0.8803062,8.039066,2.413846,,4.08004,4.017821,0.6793518,,337.4136,253.7699,322.2824,,336.869,112.1191,34.38979,,47.00879,,,
-0.1842661,7.760972,1.755906,,4.290583,4.457982,0.09737396,,336.313,255.584,320.6896,,337.2785,111.419,34.43178,,47.11133,,,
0.06607437,7.754343,1.181817,,4.487183,4.787738,-0.4967556,,335.3408,256.5701,319.327,,336.9298,111.3265,34.74808,,47.21875,,,
-0.01554203,7.81993,0.8405375,,4.627829,5.075188,-0.7177925,,334.7783,256.7725,319.0125,,336.453,111.8854,34.85455,,47.32129,,,
0.05487633,7.7897,0.2855096,,4.840507,5.205632,-1.240682,,334.1056,256.873,318.9433,,336.1905,111.1843,34.97309,,47.43652,,,
0.2950926,7.81222,-0.3449764,,5.03911,5.245485,-1.728813,,333.827,257.9669,319.3372,,336.1567,111.5354,34.98357,,47.53906,,,
0.2587433,7.830722,-0.7156677,,5.031307,5.246271,-1.738149,,333.2894,258.5404,319.781,,336.0834,112.5857,34.96518,,47.64258,,,
0.0402174,7.908149,-1.396042,,4.957406,5.242763,-1.703991,,332.6926,259.0772,319.8432,,336.0974,112.6685,35.2933,,47.74805,,,
-0.1737661,7.861858,-1.903652,,4.935165,5.235608,-1.683965,,332.2389,258.9036,320.2425,,336.256,112.6327,35.33865,,47.85449,,,
-0.4108124,7.327826,-2.587436,,4.928199,5.239215,-1.722911,,331.4187,258.1483,321.8703,,336.3774,111.8735,35.36251,,47.95508,,,
-0.603466,6.792689,-3.132525,,4.954526,5.24493,-1.783773,,330.7111,257.7412,323.6248,,336.3997,111.2993,35.36099,,48.06152,,,
-0.6817274,6.4642,-3.67949,,4.936807,5.246216,-1.797456,,330.2638,257.8672,324.3146,,336.3878,111.4299,35.46396,,48.16504,,,
-0.5540009,6.185939,-4.037889,,4.857038,5.249773,-1.831886,,329.7877,257.7175,323.9804,,336.4029,111.3635,35.94448,,48.27441,,,
-0.3053188,5.634119,-4.497757,,4.756855,5.265209,-1.923543,,328.7322,257.5757,323.516,,336.3546,111.0056,36.4598,,48.37891,,,
-0.1085787,5.246761,-4.699131,,4.65396,5.284318,-2.136278,,328.1425,257.6575,323.1848,,336.2688,110.5946,37.33257,,48.48242,,,
0.3025961,4.575034,-4.78581,,4.504526,5.252212,-2.600649,,327.389,257.4576,322.8066,,335.4038,110.1704,38.79086,,48.58496,,,
0.4831066,4.205633,-4.880994,,4.600443,5.182631,-2.901786,,326.8248,257.5071,322.5256,,334.6988,110.3434,38.93404,,48.69434,,,
0.6107941,4.149799,-4.669299,,4.720523,5.04838,-3.497669,,326.6012,257.0268,322.4013,,332.8818,110.2579,39.58621,,48.7998,,,
0.77036,4.11661,-4.370762,,4.672045,4.863434,-4.20613,,326.789,256.5197,322.394,,331.239,109.0559,41.22572,,48.90137,,,
1.025814,4.133246,-3.718007,,4.71022,4.636908,-4.907862,,327.4362,256.2253,322.5425,,329.1943,108.0965,43.87046,,49.00488,,,
1.2119,4.052423,-3.328129,,4.616065,4.626493,-5.025507,,327.5954,256.0315,322.5524,,328.7883,107.9428,45.09441,,49.1084,,,
1.336409,3.960007,-3.094784,,4.348884,4.682119,-5.183635,,327.2755,256.2582,322.3698,,328.6639,106.7092,46.67585,,49.21289,,,
1.381991,3.859135,-3.105145,,3.93507,4.747938,-5.199152,,327.0641,256.5376,322.275,,328.9817,105.2994,47.40099,,49.32422,,,
1.398503,3.803355,-3.128009,,3.480202,4.818255,-5.205101,,326.889,256.6935,322.2084,,330.5383,103.4422,44.30525,,49.42871,,,
1.442739,3.730402,-3.11093,,3.434209,4.825157,-5.201293,,326.889,256.5521,322.2084,,330.9236,103.199,42.23921,,49.5293,,,
1.579262,3.461405,-3.113277,,3.387675,4.817161,-5.127056,,326.6108,256.5071,322.0522,,331.1926,103.3738,41.53865,,49.63184,,,
1.695462,3.389844,-2.898448,,3.3557,4.811634,-5.075515,,326.5548,256.2666,321.9411,,331.2126,103.5161,41.46413,,49.74414,,,
1.799003,3.288348,-2.724224,,3.32744,4.806722,-5.029594,,326.687,256.2407,321.9845,,331.2422,103.8704,41.52715,,49.8457,,,
1.875734,3.228818,-2.545594,,3.320391,4.805497,-5.018108,,326.6609,256.3087,321.9771,,331.2326,103.6817,41.46309,,49.95508,,,
1.872855,3.221408,-2.527141,,3.327441,4.806726,-5.029598,,326.5598,256.4575,321.9115,,331.3623,103.4509,41.37367,,50.05664,,,
1.883207,3.158059,-2.492934,,3.305705,4.81148,-5.034438,,326.4859,256.6766,321.9561,,331.2284,103.3714,41.35854,,50.16016,,,
1.917625,3.074693,-2.504842,,3.273402,4.814424,-5.021958,,326.4184,256.8273,321.9197,,331.1441,103.4579,41.2592,,50.26074,,,
1.854618,3.18787,-2.662191,,3.256219,4.817885,-5.024091,,326.4673,257.1264,321.8863,,331.2786,103.2603,40.73603,,50.37207,,,
1.826704,3.201976,-2.731843,,3.243588,4.819996,-5.023576,,326.4119,257.1273,321.8631,,331.1713,103.3712,40.58498,,50.47461,,,
1.848038,3.184621,-2.688819,,3.205689,4.826365,-5.021972,,326.2826,256.9409,321.7946,,331.2002,103.2952,40.59678,,50.5791,,,
1.85937,3.158616,-2.691498,,3.190993,4.832504,-5.038258,,326.375,256.911,321.8448,,331.2063,103.2206,40.55651,,50.68066,,,
1.849365,3.149973,-2.73721,,3.181896,4.835281,-5.0435,,326.2827,257.0351,321.7947,,331.2506,103.0559,40.60649,,50.79199,,,
1.846703,3.094814,-2.827747,,3.160149,4.840241,-5.048166,,326.1717,257.0697,321.7401,,331.146,103.1403,40.58256,,50.89355,,,
1.8585,3.027432,-2.870793,,3.147513,4.842422,-5.047585,,326.0518,256.9485,321.712,,331.2391,103.0957,40.62126,,51.00391,,,
1.957818,2.836769,-2.824392,,3.140202,4.828085,-5.053544,,326.0148,256.5672,321.694,,331.2407,103.083,40.64777,,51.10742,,,
2.021269,2.821342,-2.760835,,3.121523,4.751318,-5.048927,,326.0209,256.4683,321.4788,,331.1215,103.0428,40.6457,,51.21191,,,
2.088334,2.819887,-2.646878,,3.066427,4.529695,-5.049401,,326.111,256.2532,321.3407,,330.6909,102.5865,40.78767,,51.31348,,,
2.112814,2.881076,-2.582692,,3.011805,4.417237,-5.005514,,326.2563,256.1913,321.2354,,330.3862,102.5697,40.70504,,51.4248,,,
2.133118,2.915357,-2.55288,,2.947574,4.395499,-4.901358,,326.3929,256.1849,321.2299,,330.4628,102.4587,40.5571,,51.53027,,,
2.133102,2.915356,-2.552882,,2.844859,4.376954,-4.723343,,326.3929,256.185,321.1566,,330.6291,102.6367,40.39179,,51.64063,,,
2.133116,2.915357,-2.55288,,2.787524,4.385264,-4.493882,,326.3929,256.185,321.1566,,331.1412,102.5215,38.50634,,51.75684,,,
2.133111,2.915356,-2.55288,,3.097959,4.326407,-4.382819,,326.3929,256.1849,321.1565,,330.7383,104.0458,36.62346,,51.87012,,,
2.133111,2.915356,-2.55288,,3.413149,4.25414,-4.215423,,326.3929,256.1849,321.1565,,330.3332,105.124,35.92574,,51.97266,,,
2.136303,2.913199,-2.545287,,3.441807,4.196294,-4.130286,,326.3756,256.2705,321.1428,,330.3587,105.3466,36.39865,,52.08301,,,
2.136639,2.927148,-2.541469,,3.470945,3.936524,-3.932314,,326.3844,256.285,321.1168,,330.5854,105.4793,36.08035,,52.18457,,,
2.136638,2.927147,-2.541483,,3.486731,3.694529,-3.78631,,326.347,256.2344,321.0981,,330.8105,105.0586,35.85212,,52.29492,,,
2.135138,2.931978,-2.539466,,3.470482,3.636897,-3.690824,,326.3845,256.2849,321.1169,,330.9268,104.8646,35.94357,,52.40918,,,
2.128938,2.943794,-2.543056,,3.435498,3.615675,-3.565316,,326.3845,256.3083,321.117,,330.9436,105.2585,35.80722,,52.51367,,,
2.128937,2.943795,-2.543055,,3.389503,3.606597,-3.473397,,326.4393,256.25,321.1493,,331.1564,106.0664,35.77895,,52.625,,,
2.130763,2.952905,-2.541237,,3.385804,3.604014,-3.45382,,326.3934,256.3227,321.0911,,331.2255,106.169,35.81649,,52.73828,,,
2.137134,2.948593,-2.526023,,3.507029,3.561724,-3.405169,,326.3895,256.2798,321.0887,,331.2404,106.0958,35.17253,,52.84375,,,
2.139518,2.947587,-2.521049,,3.578181,3.550509,-3.38103,,326.3486,256.3278,321.0228,,331.0095,106.0775,35.36131,,52.95605,,,
2.146669,2.949352,-2.512261,,3.723655,3.415394,-3.213794,,326.4532,256.4302,321.0976,,331.0706,106.9828,34.93703,,53.05957,,,
2.149389,2.953316,-2.513791,,3.955832,3.068705,-2.996773,,326.5244,256.3295,321.1385,,330.5944,108.6708,33.6788,,53.17383,,,
2.142794,2.954885,-2.521677,,3.974469,3.014906,-2.924751,,326.4055,256.4341,321.0369,,330.4239,109.0835,33.86469,,53.2793,,,
2.139922,2.96946,-2.521376,,3.945913,2.984886,-2.845714,,326.3831,256.282,320.988,,330.5497,108.5016,33.94689,,53.38281,,,
2.144636,2.979653,-2.514689,,3.920263,2.953835,-2.758751,,326.44,256.3087,321.0233,,330.6127,108.3898,33.85985,,53.49414,,,
2.146037,2.973151,-2.512783,,3.865145,2.950093,-2.702932,,326.3406,256.3581,320.9673,,330.8253,108.214,34.02069,,53.59863,,,
2.146327,2.973993,-2.513444,,3.793069,2.952346,-2.687727,,326.3382,256.3797,320.9648,,330.9224,107.7329,34.30466,,53.7041,,,
2.145483,2.985708,-2.516281,,3.768054,2.948641,-2.644981,,326.4628,256.252,321.0383,,331.0923,107.2626,34.26568,,53.80859,,,
2.142413,2.997288,-2.517892,,3.77301,2.948088,-2.642826,,326.3749,256.3691,320.9865,,331.1202,107.0598,34.23501,,53.91211,,,
2.141007,2.999896,-2.518634,,3.768049,2.94864,-2.64498,,326.3732,256.45,320.9823,,331.1232,107.0472,34.26133,,54.0166,,,
2.141331,3.00102,-2.520779,,3.768057,2.948643,-2.64498,,326.4221,256.3189,321.0143,,331.1336,106.9757,34.25958,,54.12109,,,
2.140968,3.000979,-2.521086,,3.768048,2.948642,-2.64498,,326.3635,256.3699,320.9801,,331.1334,106.9754,34.25982,,54.22461,,,
2.141396,3.003266,-2.521091,,3.768048,2.94864,-2.64498,,326.3596,256.3808,320.9775,,331.1436,106.9036,34.33165,,54.32813,,,
2.141454,3.002851,-2.52193,,3.775509,2.948619,-2.648443,,326.4339,256.2939,321.0186,,331.151,106.821,34.3036,,54.43262,,,
2.140328,3.003753,-2.520952,,3.799376,2.964669,-2.656605,,326.2787,256.312,320.9567,,331.142,106.7884,34.22453,,54.54492,,,
2.13831,2.999692,-2.521387,,3.868531,3.010777,-2.66181,,326.455,256.3643,320.9917,,331.2903,107.1012,33.94674,,54.64941,,,
2.089135,3.031978,-2.56892,,3.905769,3.009243,-2.665432,,326.3534,256.2587,321.0159,,331.3074,107.4074,33.78721,,54.75586,,,
2.084378,3.020082,-2.572678,,3.941508,3.017979,-2.661924,,326.3284,256.52,321.0988,,331.3545,107.521,33.62372,,54.87012,,,
1.986679,3.122499,-2.661864,,4.108402,3.016816,-2.619829,,326.4185,255.4464,321.3491,,331.2432,108.0858,33.53974,,54.97559,,,
1.760735,3.439134,-2.78969,,4.245686,3.044825,-2.567915,,326.5517,254.9161,322.4309,,331.1797,108.4304,33.68341,,55.0791,,,
1.451848,3.875795,-2.807135,,4.437842,3.148314,-2.50297,,327.5696,253.0652,325.3283,,331.3972,109.6049,33.61782,,55.18262,,,
1.232893,4.186372,-2.76431,,4.57943,3.261371,-2.453026,,328.1202,252.1004,326.4655,,331.7545,110.3731,33.47374,,55.29395,,,
1.036173,4.558372,-2.656991,,4.858992,3.440381,-2.332419,,328.6427,251.45,327.0035,,332.3045,111.7634,33.44465,,55.39746,,,
0.9915504,4.66187,-2.588963,,5.141829,3.627645,-2.183711,,328.8706,251.1875,327.0421,,332.7711,112.8677,33.59932,,55.50098,,,
1.002498,4.680995,-2.531921,,5.504246,3.866261,-2.023155,,329.0486,251.1723,327.006,,333.41,114.5465,34.06248,,55.60352,,,
1.019649,4.671022,-2.495174,,5.789998,3.936769,-1.924488,,329.1251,251.1654,327.0298,,333.8135,115.3025,34.26591,,55.71094,,,
1.029902,4.665023,-2.473113,,6.259785,4.082194,-1.780522,,329.2015,251.2056,327.127,,333.9549,115.2367,34.40194,,55.81445,,,
1.029994,4.65874,-2.465382,,6.656715,4.249864,-1.662481,,329.272,251.2794,327.1777,,334.4038,116.7141,34.53219,,55.92578,,,
1.018935,4.630891,-2.458364,,7.039371,4.318733,-1.576325,,329.2222,251.2975,327.2204,,334.547,117.8388,35.34317,,56.03906,,,
1.019058,4.618343,-2.44291,,7.580661,4.433569,-1.434027,,329.216,251.237,327.2465,,334.6628,119.3797,35.85314,,56.14258,,,
1.025702,4.592414,-2.434132,,7.926989,4.520509,-1.397513,,329.1976,251.1496,327.2518,,334.7208,120.2166,37.25188,,56.25586,,,
1.034687,4.577663,-2.413933,,8.227514,4.589087,-1.37353,,329.1721,251.1742,327.263,,334.9515,120.6312,37.77403,,56.35547,,,
1.038066,4.575652,-2.406585,,8.514569,4.662305,-1.291741,,329.1341,251.095,327.2509,,335.161,120.9621,37.67651,,56.45801,,,
1.116282,4.563016,-2.266231,,8.737433,4.724992,-1.204835,,329.1458,250.8235,327.1046,,335.3522,121.4529,38.45165,,56.5625,,,
1.338563,4.613652,-1.953723,,8.72377,4.72246,-1.180082,,329.3045,250.3409,326.4307,,335.3522,121.6177,38.81804,,56.6748,,,
1.655298,4.699895,-1.570124,,8.62676,4.682529,-1.153265,,329.3915,250.4746,325.631,,335.4393,121.5681,39.15403,,56.79004,,,
1.977703,4.908781,-1.30488,,8.441066,4.633224,-1.163764,,329.6191,250.9332,325.1066,,335.4072,121.5376,39.57616,,56.89355,,,
2.094582,5.011205,-1.234005,,8.268839,4.59002,-1.153956,,329.5832,251.278,325.5488,,335.3819,120.7636,39.49344,,57.00391,,,
2.109694,5.031027,-1.243658,,7.857708,4.492834,-1.188712,,329.5274,251.3745,325.8873,,335.239,119.0313,39.451,,57.1084,,,
2.119376,5.050945,-1.2512,,7.406692,4.379064,-1.251017,,329.3513,251.199,326.0676,,334.8836,117.4224,39.42623,,57.21191,,,
2.126134,5.079868,-1.274282,,6.999574,4.104502,-1.190943,,329.2537,251.2942,326.5349,,334.8339,117.951,38.81806,,57.31348,,,
2.113262,5.09347,-1.323197,,6.740654,3.919077,-1.068077,,329.0728,251.4674,326.7079,,334.0983,116.295,38.723,,57.42383,,,
2.113259,5.053361,-1.431499,,6.229031,3.688396,-0.957459,,328.6349,251.423,326.5124,,333.5716,114.0019,38.55957,,57.52734,,,
2.125206,4.994909,-1.530627,,5.942512,3.479481,-0.8612347,,328.1451,251.3932,326.2851,,333.3116,113.0507,38.30329,,57.62891,,,
2.079339,5.012737,-1.681602,,5.745362,3.200493,-0.5997524,,327.7905,251.6397,326.2684,,332.7983,112.5855,38.04865,,57.73242,,,
2.056047,5.01028,-1.760227,,5.715613,3.166975,-0.5262995,,327.6163,251.6384,326.4488,,332.7484,111.9586,38.12872,,57.84082,,,
2.056048,5.010282,-1.760221,,5.69847,3.165769,-0.5430717,,327.5742,251.5887,326.652,,332.7229,111.0564,38.23861,,57.94531,,,
2.044312,5.021456,-1.781366,,5.664218,3.163478,-0.576704,,327.5742,251.6596,326.652,,332.6608,110.5039,38.44733,,58.0498,,,
1.945513,5.140103,-1.871831,,5.429906,3.121855,-0.6551285,,327.526,252.9824,326.4922,,332.6145,110.5253,39.4369,,58.1543,,,
1.870846,5.124208,-1.951747,,5.260277,3.112895,-0.7058887,,327.3222,254.3028,326.5356,,332.3823,110.8358,39.64222,,58.25977,,,
1.858689,5.00912,-1.882081,,5.176825,3.233655,-0.8234525,,326.7903,254.9677,326.6718,,332.2506,110.2656,37.98948,,58.36328,,,
1.930516,4.951574,-1.754301,,5.320026,3.263323,-0.9621964,,326.481,254.5714,326.7624,,332.7076,110.0087,37.40131,,58.47559,,,
1.968845,4.911001,-1.743032,,5.359248,3.260652,-0.8633814,,326.2663,254.0787,326.4683,,332.9525,110.0724,36.9198,,58.59277,,,
1.976181,4.856551,-1.819661,,5.578061,3.313437,-0.7802362,,326.2961,253.3781,326.5185,,332.9789,111.1508,35.90223,,58.69824,,,
1.978282,4.852022,-1.821822,,5.774535,3.451685,-0.6866598,,326.2664,253.2172,326.5179,,333.1842,111.8893,35.14376,,58.80176,,,
1.984571,4.838427,-1.828307,,5.918489,3.464634,-0.5911541,,326.2664,253.2175,326.5177,,333.3119,112.2912,34.83243,,58.9043,,,
1.984545,4.845047,-1.83609,,5.890679,3.428986,-0.4598336,,326.2742,253.2559,326.491,,333.4478,112.9631,34.87994,,59.01563,,,
1.968359,4.869284,-1.890286,,5.790007,3.191772,-0.2903862,,326.2931,253.3239,326.555,,333.5148,113.7654,34.90924,,59.12109,,,
1.938962,4.902225,-1.975346,,5.742608,3.086483,-0.2081852,,326.3385,253.4042,326.5097,,333.2939,112.9383,34.94129,,59.22656,,,
1.939633,5.005953,-2.092482,,5.694597,2.973627,-0.08393192,,326.4012,253.6703,326.0861,,333.1962,111.994,34.93129,,59.33887,,,
1.99299,5.181683,-2.213516,,5.666617,2.912752,0.003251076,,326.5508,254.1358,325.3423,,333.1362,111.4976,34.91664,,59.44141,,,
2.048073,5.320342,-2.337669,,5.71473,2.877826,-0.02782822,,326.5519,254.2788,325.8136,,333.0846,111.1318,34.71436,,59.55566,,,
2.056095,5.286204,-2.360636,,5.803096,3.024609,-0.4339056,,326.5086,254.1282,326.0596,,332.4695,110.425,36.73718,,59.65723,,,
2.060209,5.27712,-2.364987,,5.81425,3.140461,-0.7326078,,326.5086,254.1284,326.1326,,332.2581,110.3611,37.81794,,59.75781,,,
2.102854,5.175784,-2.322651,,5.81636,3.247558,-0.9738436,,326.478,253.8813,326.385,,332.2413,110.6816,38.42051,,59.86328,,,
2.187355,5.007652,-2.139285,,5.751626,3.344913,-1.151021,,326.4219,253.206,326.9957,,332.2536,110.2104,39.14471,,59.97461,,,
2.463208,4.373857,-1.456275,,5.359715,3.322525,-1.354434,,326.4305,250.7593,330.427,,332.335,109.0267,41.29034,,60.08008,,,
2.665885,3.948682,-0.7634392,,5.014218,3.314526,-1.528991,,326.7197,250.2545,334.3036,,332.4817,108.1954,41.89968,,60.18262,,,
2.97331,3.583239,0.3054166,,4.923542,3.329126,-1.55814,,327.9158,251.01,340.8999,,332.5354,108.0639,41.02451,,60.28711,,,
3.140321,3.366906,0.904727,,4.882584,3.354687,-1.560206,,328.677,252.2766,347.7698,,332.6386,108.0066,40.96428,,60.39258,,,
3.251694,3.239181,1.360045,,4.785834,3.426198,-1.48358,,329.405,254.0765,351.7492,,332.9089,108.2029,41.02914,,60.49707,,,
3.328196,3.089002,1.60101,,4.676468,3.49055,-1.514557,,329.7524,254.636,352.6741,,333.1362,107.9041,41.44782,,60.60254,,,
3.52768,2.713134,2.198142,,4.513201,3.498509,-1.571674,,330.3351,254.405,355.3788,,333.3399,107.404,41.63647,,60.70703,,,
3.701967,2.394842,2.412185,,4.464204,3.495001,-1.535664,,330.8281,254.8649,356.3297,,333.3677,107.474,41.49731,,60.8125,,,
3.964018,2.120233,2.594276,,4.405552,3.477298,-1.399775,,331.2061,256.273,355.8844,,333.3615,108.2203,41.3783,,60.91504,,,
4.102927,2.099927,2.586308,,4.34227,3.450242,-1.217335,,331.0713,257.4556,354.9692,,333.5289,108.6824,41.12234,,61.01953,,,
4.148167,2.049035,2.618605,,4.284844,3.408719,-1.052424,,330.9606,257.615,354.4922,,333.623,109.0675,39.99026,,61.12402,,,
4.213973,1.917669,2.676291,,4.264136,3.390249,-0.9640212,,331.033,257.6241,354.2101,,333.6878,109.4733,39.5701,,61.2373,,,
4.297223,1.645144,2.766447,,4.364352,3.307624,-0.9314055,,331.0295,257.6116,354.2943,,333.5428,110.7546,38.74935,,61.34082,,,
4.320576,1.577722,2.748637,,4.508232,3.253567,-0.8935966,,331.0898,258.2608,354.4326,,333.1389,111.2051,37.98422,,61.44434,,,
4.31373,1.581717,2.694027,,4.618473,3.244171,-0.8690357,,331.1196,259.6692,354.0172,,332.8943,112.1269,37.52088,,61.54785,,,
4.306346,1.602619,2.63612,,4.657157,3.238763,-0.8505363,,331.2276,260.3346,353.184,,332.8603,112.5375,37.31414,,61.65039,,,
4.303125,1.611564,2.611302,,4.654897,3.238256,-0.8415813,,331.2537,260.6834,352.6082,,332.7183,112.1471,37.31615,,61.75781,,,
4.304208,1.608582,2.619576,,4.637645,3.220342,-0.8094015,,331.2869,260.7009,352.4231,,332.8687,112.5566,37.23116,,61.8623,,,
4.300709,1.619444,2.604972,,4.632015,3.213834,-0.8050056,,331.2996,260.8868,352.4653,,332.9165,112.8261,37.18262,,61.9668,,,
4.296355,1.631351,2.571888,,4.616425,3.20873,-0.8057365,,331.3122,261.1195,352.2148,,332.8023,114.2169,37.05724,,62.07227,,,
4.290827,1.646216,2.530535,,4.606481,3.199878,-0.7957201,,331.2168,261.4891,351.031,,333.0398,114.514,36.61713,,62.17676,,,
4.287258,1.657056,2.515932,,4.602625,3.196878,-0.7899432,,331.142,261.6905,350.0592,,333.2415,114.6486,35.67374,,62.28125,,,
4.279895,1.667596,2.520713,,4.572067,3.209336,-0.7721872,,330.8951,261.3958,348.5148,,334.4621,116.006,31.53429,,62.38672,,,
4.273121,1.69209,2.530417,,4.525027,3.294806,-0.7671423,,330.7166,261.0536,347.7853,,335.4383,118.7596,26.07736,,62.49121,,,
4.257435,1.745043,2.523092,,4.448524,3.392325,-0.8956695,,330.1482,260.4338,346.9754,,337.3259,122.8325,19.30321,,62.5957,,,
4.254931,1.752898,2.51677,,4.351177,3.394072,-1.000635,,330.1146,260.4169,346.9408,,338.7377,125.08,13.52722,,62.69922,,,
4.249391,1.77246,2.524538,,4.266259,3.397783,-1.175725,,330.1482,260.4573,346.9021,,339.9619,128.8942,6.950574,,62.80371,,,
4.250191,1.78448,2.519247,,4.196023,3.407773,-1.285962,,330.1302,260.4504,346.8475,,340.4333,130.7462,3.619729,,62.90918,,,
4.249838,1.799464,2.505689,,4.189712,3.409134,-1.300475,,330.5009,260.8145,347.0948,,340.3191,133.857,0.008663928,,63.0127,,,
4.250085,1.797538,2.495475,,4.201898,3.409224,-1.302248,,330.9141,261.4649,347.5543,,340.2964,135.2543,357.8011,,63.12598,,,
4.227027,1.830529,2.377685,,4.202047,3.390902,-1.27912,,331.5079,263.2959,348.528,,340.614,137.1696,355.6443,,63.23828,,,
4.201743,1.870143,2.272173,,4.198802,3.354007,-1.289738,,331.9287,264.661,349.216,,341.385,138.6197,354.1892,,63.34277,,,
4.20138,1.902941,2.283863,,4.193681,3.354201,-1.291563,,332.4039,265.2495,349.6877,,342.355,139.2867,352.6303,,63.4541,,,
4.202791,1.898057,2.281917,,4.160868,3.354142,-1.229174,,332.7792,265.7407,350.1262,,343.4391,139.5725,351.4796,,63.57031,,,
4.200188,1.876984,2.284318,,4.100995,3.344135,-1.053768,,332.9375,266.082,350.5048,,344.1806,140.2156,351.1012,,63.6748,,,
4.15823,1.817811,2.269599,,4.088771,3.334311,-1.003501,,332.7784,266.0576,350.6658,,344.6658,139.9778,351.0108,,63.78418,,,
4.149162,1.784521,2.249684,,4.21312,3.333608,-0.9983406,,332.6799,266.0067,349.383,,345.0261,139.4634,350.5959,,63.8877,,,
4.145295,1.79525,2.235164,,4.289217,3.334365,-1.002817,,332.6798,266.0538,348.7238,,345.1393,139.2745,350.3043,,63.99219,,,
4.145298,1.795253,2.235167,,4.363449,3.334999,-1.001608,,332.6493,266.0123,348.4678,,345.243,139.2557,350.1556,,64.09863,,,
4.150245,1.783566,2.268094,,4.3971,3.326855,-0.9654446,,332.6491,265.9182,348.4676,,345.1736,139.3435,349.9268,,64.20215,,,
4.159976,1.760143,2.333951,,4.398344,3.324854,-0.955267,,332.6491,265.7296,348.4676,,344.908,139.7622,350.0228,,64.30371,,,
4.174018,1.737874,2.409063,,4.396,3.326895,-0.9529572,,332.6661,265.5262,348.4495,,344.6852,139.8791,350.1075,,64.41406,,,
4.184417,1.711364,2.483193,,4.395882,3.327298,-0.9527588,,332.6968,265.3553,348.5593,,344.6324,139.8972,350.1746,,64.51758,,,
4.184421,1.711365,2.483191,,4.397952,3.328704,-0.9517536,,332.6968,265.3553,348.4861,,344.442,139.7399,350.5497,,64.62109,,,
4.191133,1.719663,2.485237,,4.397368,3.329408,-0.9514761,,332.7307,265.3718,348.5232,,344.3623,139.7988,350.5954,,64.72559,,,
4.195629,1.720863,2.494502,,4.398999,3.328188,-0.9517927,,332.6915,265.4095,348.1879,,344.4541,139.6719,350.8159,,64.8291,,,
4.199791,1.706196,2.488674,,4.399398,3.330352,-0.9506717,,332.5792,265.5154,347.9195,,344.2279,139.6359,350.9141,,64.93262,,,
4.211809,1.670828,2.54055,,4.402683,3.329244,-0.9507704,,332.5232,265.4034,347.6753,,344.3499,139.3289,350.9556,,65.04492,,,
4.25058,1.617973,2.752931,,4.407906,3.330318,-0.9495659,,332.5912,264.8713,347.1638,,344.2629,138.8333,351.0247,,65.14551,,,
4.315252,1.578246,3.01496,,4.43229,3.318444,-0.9720659,,332.7788,264.2316,346.893,,344.3262,138.6491,351.5266,,65.25488,,,
4.347791,1.508688,3.39374,,4.478395,3.306428,-1.019193,,332.8048,263.3371,346.852,,344.3541,138.9047,351.6805,,65.35645,,,
4.391116,1.60766,3.683198,,4.492716,3.309089,-1.023501,,333.2193,263.0243,346.6254,,344.35,138.8603,351.9066,,65.46191,,,
4.454697,1.912166,3.868206,,4.494714,3.308442,-1.026227,,333.8289,263.2207,346.0613,,344.2057,138.9206,352.1168,,65.56641,,,
4.420604,1.899454,3.59844,,4.496298,3.309017,-1.025656,,333.6561,263.7792,346.2365,,344.1133,138.7978,352.2864,,65.66992,,,
4.347513,1.731554,2.991256,,4.49921,3.308404,-1.02533,,333.0753,264.6693,346.6396,,344.149,138.5586,352.3714,,65.77441,,,
4.278948,1.459759,2.625975,,4.502203,3.309215,-1.024308,,332.5453,265.1229,347.1937,,344.0819,138.2829,352.3419,,65.88184,,,
4.257466,1.271033,2.33427,,4.502815,3.308968,-1.024039,,332.5224,265.9958,347.7512,,344.081,138.2145,352.2948,,65.9873,,,
4.302141,1.325898,2.376157,,4.500183,3.30585,-1.02145,,332.8437,266.4241,347.658,,344.0048,138.2858,352.3044,,66.09375,,,
4.318501,1.398763,2.286373,,4.497193,3.298227,-1.020053,,333.1264,267.2106,347.825,,344.043,138.2095,352.3052,,66.19922,,,
4.345316,1.481325,2.207602,,4.496255,3.295631,-1.01957,,333.3517,267.7299,347.6507,,344.0475,138.1824,352.3081,,66.30371,,,
4.397311,1.574631,2.176022,,4.493324,3.290999,-1.016676,,333.628,268.0698,347.2996,,343.9405,138.2036,352.2417,,66.4082,,,
4.397311,1.574632,2.176023,,4.492496,3.290252,-1.016968,,333.6019,268.1624,347.1682,,343.8929,138.2119,352.2905,,66.51172,,,
4.398554,1.571681,2.18433,,4.491421,3.28669,-1.016506,,333.4032,268.256,346.9131,,343.9749,138.2043,352.205,,66.61719,,,
4.398544,1.571682,2.184332,,4.491554,3.28659,-1.016331,,333.4031,268.256,346.9131,,343.923,138.1835,352.3189,,66.7207,,,
4.398531,1.573663,2.194567,,4.492198,3.286534,-1.01613,,333.347,268.285,346.8163,,343.9175,138.1174,352.3125,,66.82422,,,
4.400993,1.569732,2.221413,,4.492381,3.286174,-1.016153,,333.347,268.2144,346.7431,,343.9312,138.0996,352.3384,,66.9375,,,
4.395967,1.595387,2.259883,,4.493651,3.285925,-1.015501,,333.347,268.1436,346.5966,,343.8766,137.9919,352.4722,,67.04883,,,
4.393327,1.611148,2.294484,,4.532448,3.238219,-0.8520484,,333.347,268.073,346.5966,,344.3533,139.2464,352.4735,,67.15332,,,
4.39333,1.611146,2.294484,,4.607489,3.237438,-0.7848835,,333.2908,268.1257,346.5729,,344.5547,139.6652,352.0829,,67.26465,,,
4.401434,1.594303,2.373115,,4.612653,3.237491,-0.7831702,,333.2646,268.0062,346.5147,,344.5653,139.5978,352.061,,67.36914,,,
4.439377,1.62852,2.580567,,4.612653,3.237491,-0.7831702,,333.4236,267.6039,346.2877,,344.5653,139.5978,352.061,,67.47461,,,
4.497637,1.867695,2.822156,,4.612653,3.237491,-0.7831702,,333.9618,267.4621,345.9808,,344.5653,139.5978,352.061,,67.58105,,,
4.450961,1.863981,2.673393,,4.612653,3.237491,-0.7831702,,333.8747,267.8831,346.3406,,344.5653,139.5978,352.061,,67.68555,,,
4.188715,1.740109,2.133286,,4.607932,3.089214,-1.304356,,332.2188,268.0697,346.7278,,343.335,137.2326,356.136,,67.78809,,,
3.89365,1.625828,1.615127,,4.329369,2.756384,-1.995291,,330.718,267.794,347.1989,,340.02,135.037,2.425119,,67.8916,,,
3.515526,1.607182,0.9382563,,4.251401,2.499398,-2.577818,,329.5163,265.7091,347.5528,,336.9722,132.8741,7.135085,,67.99414,,,
3.227876,1.793359,0.410429,,4.298516,2.585257,-2.72662,,329.3258,263.8688,347.7569,,335.5068,131.7013,9.824827,,68.10645,,,
3.066414,1.95014,0.227375,,4.172909,2.72191,-3.028407,,329.5004,261.3593,348.3247,,333.8475,128.9593,13.5259,,68.21973,,,
2.505339,2.16773,-0.2177162,,4.063179,2.881845,-3.432994,,329.3486,259.0143,349.8486,,332.7599,128.1217,16.48122,,68.32324,,,
2.123222,2.048984,-0.1452508,,4.152622,2.941496,-3.675819,,329.488,256.361,352.1409,,332.0709,127.3933,18.80721,,68.43457,,,
1.65933,2.143539,-0.04217672,,4.274,3.066167,-3.959976,,329.9148,253.6718,354.4102,,330.5467,126.4869,23.05255,,68.54004,,,
1.300486,2.273184,-0.0335269,,4.31785,3.107362,-4.038699,,330.4801,252.2462,356.0497,,329.7744,126.2814,25.47446,,68.64453,,,
0.1254673,2.076402,-0.09986115,,4.406805,3.230863,-3.642902,,330.7688,245.7567,1.762149,,331.9549,127.7703,23.22285,,68.74902,,,
-1.025979,2.320111,-0.3757963,,4.824468,3.313628,-3.346087,,333.9338,237.2325,7.151007,,336.2329,129.928,9.209828,,68.85059,,,
-2.03316,2.519789,-1.181845,,7.024104,4.04282,-3.462497,,341.8312,229.92,18.10414,,345.8391,128.8615,335.3007,,68.95508,,,
-2.823326,2.479654,-1.958546,,8.554979,4.265456,-3.28002,,346.3064,225.6558,22.62023,,351.9172,129.0826,317.5754,,69.06055,,,
-3.163823,2.517953,-2.22598,,9.37878,4.064925,-2.866383,,350.8727,223.2427,26.69788,,0.4616831,128.636,287.439,,69.16797,,,
-3.709925,2.111534,-2.867778,,9.424551,3.388436,-2.75515,,356.8936,220.4535,30.91012,,3.464845,127.5382,283.271,,69.27344,,,
-3.843925,0.7897282,-3.574571,,9.405555,1.677319,-2.961561,,355.6572,217.1315,33.75448,,5.094878,123.8979,282.1868,,69.37891,,,
-3.830188,0.8008299,-3.576295,,9.497685,0.9960384,-3.07895,,355.5022,216.1067,33.93099,,9.610613,120.7294,281.7857,,69.48242,,,
-3.8214,0.7838211,-3.616558,,9.520511,0.7745228,-3.092797,,357.5816,215.6194,33.82124,,9.429608,118.0965,281.5066,,69.58691,,,
-3.997944,0.7650366,-3.989153,,9.509747,0.7715416,-3.09619,,0.4527967,216.6031,33.31981,,9.337604,117.7662,281.5992,,69.69336,,,
-4.270467,0.7191715,-4.656768,,9.484128,0.7643309,-3.106328,,2.03038,215.7798,32.48032,,9.214938,117.7749,281.7095,,69.79688,,,
-4.227047,0.5667458,-4.808733,,9.480055,0.763052,-3.109687,,2.06787,214.0368,14.81094,,9.177097,117.6341,281.7221,,69.9043,,,
-4.217613,0.4260035,-4.830925,,9.469268,0.7601061,-3.113062,,4.286945,214.5937,11.16115,,9.290787,117.5614,281.83,,70.00684,,,
-4.21157,0.5344877,-4.844358,,9.842639,0.9197922,-2.7484,,9.053061,215.94,9.810049,,9.676255,118.9548,279.6824,,70.1123,,,
-4.17784,0.4901743,-4.861703,,9.844242,0.8862238,-2.756307,,10.40659,215.8453,8.338821,,9.5337,121.4111,279.9942,,70.21582,,,
-4.167668,0.3956747,-4.874505,,9.842171,0.8905268,-2.762594,,10.42707,216.0105,7.98626,,9.418243,121.5709,280.0365,,70.31934,,,
-4.156841,0.2925606,-4.876096,,9.874746,0.8882313,-2.82047,,10.34199,215.9929,7.96785,,9.489867,121.2553,280.0847,,70.4248,,,
-4.151388,0.5064192,-4.884008,,10.24976,0.9466429,-3.23466,,10.31955,215.9819,7.931458,,9.750934,119.3014,280.1217,,70.5332,,,
-4.153413,0.481822,-4.887592,,10.55381,0.9898005,-3.553763,,10.33074,216.1527,7.921401,,9.855335,120.5294,280.541,,70.6377,,,
-4.145403,0.4125242,-4.892355,,10.55099,0.9894161,-3.550864,,10.25065,216.1581,7.897528,,9.915281,121.4544,280.6513,,70.74219,,,
-4.141901,0.3312016,-4.89803,,10.55663,0.9901838,-3.556659,,10.28616,216.1612,7.835387,,9.94887,121.5518,280.6692,,70.84766,,,
-4.137568,0.5046463,-4.900491,,10.61203,0.999568,-3.598179,,10.37043,216.1954,7.75824,,10.06716,121.9077,280.6472,,70.95313,,,
-4.137862,0.4814177,-4.906212,,10.6441,1.004828,-3.62306,,10.36618,216.2173,7.787175,,9.969095,121.8237,280.7241,,71.05762,,,
-4.137957,0.4069996,-4.906274,,10.64048,1.003409,-3.626853,,10.23527,216.2459,7.851415,,9.941282,121.7549,280.6625,,71.16211,,,
-4.132192,0.3083935,-4.894146,,10.63712,1.008425,-3.623782,,10.26525,216.9938,7.642803,,9.907791,121.6338,280.7171,,71.26758,,,
-4.126323,0.4915581,-4.889168,,10.6335,1.006998,-3.627578,,10.42987,218.5252,7.742637,,9.896753,121.6375,280.665,,71.375,,,
-4.116845,0.4636145,-4.873228,,10.62703,1.005181,-3.6285,,10.37476,218.4041,7.751507,,9.868989,121.5923,280.6767,,71.48047,,,
-4.101749,0.4100037,-4.854733,,10.62702,1.005183,-3.6285,,10.37192,218.4555,7.726058,,9.885684,121.6646,280.6856,,71.58594,,,

