-13.08777,6.0901,-1.915209,,9.665249,5.648928,0.6734324,,335.6387,179.9391,58.57068,,335.6388,179.9959,301.7733,,0.008300781,,,
-13.08777,6.090098,-1.91521,,9.665241,5.648925,0.6734328,,335.6386,179.8824,58.54195,,335.5654,179.9952,301.7737,,0.1157227,,,
-13.08778,6.090092,-1.915208,,9.665243,5.64893,0.6734362,,335.6385,179.8826,58.54158,,335.6388,179.9957,301.7734,,0.2226563,,,
-13.08777,6.090101,-1.91521,,9.665241,5.648925,0.6734328,,335.6387,179.8825,58.54181,,335.5654,179.9952,301.7737,,0.329834,,,
-13.08778,6.090097,-1.915209,,9.665243,5.648927,0.6734338,,335.6388,179.8827,58.68785,,335.6389,179.996,301.7732,,0.4365234,,,
-13.08778,6.090094,-1.91521,,9.665249,5.648928,0.6734324,,335.6387,179.8829,58.68783,,335.6388,179.9959,301.7733,,0.543457,,,
-13.08779,6.090089,-1.915205,,9.665242,5.648925,0.6734309,,335.7118,179.77,57.53124,,335.5655,179.9953,301.7739,,0.6506348,,,
-13.08778,6.090102,-1.915203,,9.665241,5.648925,0.6734328,,335.6388,179.7704,52.40388,,335.5654,179.9952,301.7737,,0.7578125,,,
-13.08777,6.0901,-1.915212,,9.665249,5.648928,0.6734324,,335.6385,179.7137,50.47065,,335.6388,179.9959,301.7733,,0.8647461,,,
-13.08777,6.0901,-1.915209,,9.665247,5.648927,0.6734366,,335.7119,179.9388,46.48548,,335.6392,179.9964,301.773,,0.9716797,,,
-13.08778,6.090097,-1.915206,,9.665243,5.648927,0.6734357,,335.6389,179.9953,37.13905,,335.6389,179.9952,302.653,,1.078613,,,
-13.08777,6.0901,-1.915208,,9.407235,5.896522,0.519763,,335.6389,179.9956,36.8458,,332.2301,179.1744,301.6549,,1.179688,,,
-12.51679,6.727697,-2.269404,,8.107994,7.071154,0.05747247,,326.8111,179.7115,37.04575,,323.1292,172.3425,299.5217,,1.286377,,,
-11.30987,7.81457,-2.506854,,6.574946,7.93596,0.3183627,,318.9504,182.3151,38.4076,,323.7762,161.3322,301.216,,1.393555,,,
-10.18664,8.394279,-2.160264,,5.240669,8.235292,0.6066737,,319.1568,187.9786,36.41572,,326.412,149.3573,302.9903,,1.500732,,,
-8.942589,8.269112,-0.7759991,,4.755624,8.039828,1.418612,,323.0781,197.7707,32.09069,,333.395,141.0571,316.3618,,1.607666,,,
-8.077471,7.703554,0.2761045,,4.274927,7.336565,1.99905,,325.4049,206.7447,25.66297,,334.6477,136.715,333.67,,1.714844,,,
-7.24623,6.383308,1.223495,,3.860327,6.729482,2.548162,,323.2239,217.2289,19.67602,,330.6829,132.027,347.9629,,1.821533,,,
-7.115503,6.251807,1.860784,,3.784383,6.594793,2.696176,,322.247,219.8502,18.05175,,330.5497,129.8582,351.2763,,1.928711,,,
-7.017791,6.164736,2.455393,,3.481112,6.051696,3.252285,,323.9583,222.8302,13.69281,,330.4264,129.2212,343.5512,,2.035645,,,
-6.807546,6.03114,2.600696,,3.139093,5.690768,3.349535,,323.9548,226.1313,10.41297,,331.0351,127.0929,338.0034,,2.142822,,,
-6.321581,5.872581,2.685578,,2.394938,5.059746,3.200923,,323.7466,230.2734,4.705918,,331.7241,125.1145,337.9297,,2.249756,,,
-5.323886,5.397426,2.813168,,2.311659,4.907069,3.197067,,323.7462,233.5238,0.3620439,,332.7758,124.6033,337.5467,,2.357178,,,
-4.441449,5.042954,2.853138,,2.271012,4.894978,3.22792,,323.9279,236.1907,357.5929,,333.1046,121.5299,337.9524,,2.464111,,,
-3.601009,4.474905,3.015304,,2.016824,4.801201,3.210908,,323.2734,238.1239,358.0259,,333.7545,118.0848,339.835,,2.570801,,,
-3.501384,4.196779,3.039867,,1.887431,4.731544,3.196209,,321.9016,238.0148,0.8978038,,333.8087,117.261,340.458,,2.677979,,,
-3.553908,4.047938,3.031854,,1.785179,4.740809,3.178461,,320.1189,238.4381,2.258389,,334.0313,116.3917,340.9441,,2.784912,,,
-3.56339,4.047863,3.029347,,1.755203,4.750822,3.168894,,319.2057,238.4403,2.258196,,334.1037,115.8034,341.0754,,2.892334,,,
-3.563084,4.046124,3.026423,,1.75479,4.751624,3.125801,,318.996,238.1373,2.254508,,334.2181,115.3391,341.1219,,2.999023,,,
-3.546764,4.044422,3.031215,,1.750164,4.752429,3.119105,,318.9895,238.1693,2.501841,,334.2181,115.3042,341.148,,3.106201,,,
-3.538565,4.042011,2.930313,,1.748363,4.758489,3.100428,,318.6548,238.497,3.397285,,334.0735,115.1956,341.1125,,3.213135,,,
-3.55593,4.215545,2.547016,,1.739425,4.776692,3.074717,,318.0138,239.6009,3.672705,,333.9393,114.9677,341.2023,,3.320068,,,
-3.497475,4.211905,2.199744,,1.723001,4.79573,3.066564,,316.4324,240.699,2.944523,,333.8665,114.8848,341.3123,,3.427246,,,
-3.478692,4.138329,2.192005,,1.663624,4.804892,3.065569,,315.588,240.7022,2.68741,,333.8765,114.71,341.5983,,3.53418,,,
-3.404058,3.993017,2.292586,,1.615677,4.812577,3.059783,,315.6404,241.0271,2.422951,,333.8761,114.6071,341.9056,,3.641113,,,
-3.201211,3.68455,2.4547,,1.601099,4.820437,3.058023,,315.8157,241.1349,2.673202,,333.9359,114.6596,341.9038,,3.748291,,,
-3.170494,3.594233,2.525913,,1.601095,4.820431,3.058022,,315.6642,239.8857,4.037261,,334.0202,114.6016,341.971,,3.855225,,,
-3.187537,3.60245,2.560868,,1.59791,4.826568,3.051415,,315.5045,238.6696,4.552021,,333.901,114.8414,342.003,,3.962646,,,
-3.210832,3.820792,2.556093,,1.585461,4.878232,3.037451,,315.576,237.992,5.079781,,333.7926,114.9393,342.0659,,4.069336,,,
-3.288004,4.259869,2.552277,,1.555059,4.92736,3.027502,,316.3303,237.6146,5.381235,,333.8632,114.8388,342.2675,,4.17627,,,
-3.318729,4.724281,2.502203,,1.521715,4.982745,3.010909,,317.7977,237.6887,5.476356,,333.8843,114.9929,342.4944,,4.283691,,,
-3.362143,4.412952,2.25911,,1.510329,4.984592,3.015769,,317.7705,238.1799,5.969304,,334.1743,114.6064,342.4536,,4.390625,,,
-3.412065,3.902003,2.26646,,1.511087,4.984594,3.009601,,316.7429,237.2199,8.901636,,334.1246,114.8717,342.4533,,4.497559,,,
-3.345042,3.487941,2.281919,,1.500458,4.986448,3.008295,,316.0043,236.206,11.09265,,334.3087,114.2148,342.4986,,4.604492,,,
-3.347496,3.420702,2.344275,,1.501221,4.986446,3.002118,,315.7269,235.5049,11.5179,,334.3087,114.1912,342.4986,,4.71167,,,
-3.341836,3.422848,2.410809,,1.488195,4.999727,3.000508,,316.2284,234.9305,11.83284,,334.4063,114.0288,342.5695,,4.818604,,,
-3.323718,3.432371,2.472978,,1.488959,4.999727,2.994329,,316.5925,234.3752,12.07144,,334.4908,113.9487,342.636,,4.925781,,,
-3.311454,3.683053,2.491742,,1.47972,5.01826,2.974353,,317.7371,234.2377,11.92454,,334.466,113.9886,342.714,,5.032715,,,
-3.276223,3.86482,2.468295,,1.479587,5.034913,2.968059,,318.8777,234.5135,12.71375,,334.3515,114.6031,342.7397,,5.139648,,,
-3.251191,4.476227,2.330825,,1.466436,5.081527,2.953844,,319.75,235.0123,13.13914,,334.4023,114.2116,342.796,,5.246826,,,
-3.182801,5.075138,2.19935,,1.522982,5.253794,2.910875,,320.1226,233.207,15.41256,,334.2791,114.2957,342.8761,,5.35376,,,
-3.196768,5.942833,2.026592,,1.629915,5.451733,2.787703,,320.5214,233.8723,15.8654,,334.2124,113.3582,342.7128,,5.460693,,,
-3.249198,6.893067,1.842793,,2.125937,6.053064,2.426708,,321.1797,234.5499,15.17615,,334.0564,114.0723,341.8024,,5.567871,,,
-3.185528,7.972689,1.533079,,2.508152,6.156738,2.074571,,321.5391,236.5522,12.8817,,334.4214,115.4604,340.4831,,5.675293,,,
-2.985292,8.91615,1.158341,,2.951404,6.042832,1.71338,,321.5583,239.2137,9.997008,,335.1375,117.5048,336.8011,,5.781982,,,
-2.676414,9.542891,0.7488847,,3.014458,5.866557,1.504941,,321.5245,246.4329,1.509962,,333.6327,117.5913,335.82,,5.888916,,,
-2.239516,9.71981,0.3600612,,2.840467,5.887068,1.443812,,322.2262,254.0581,349.1031,,330.0575,116.8428,346.6711,,5.99585,,,
-1.650478,9.540408,0.06637192,,2.602479,5.915909,1.463266,,323.375,259.9405,341.1659,,328.6824,115.1437,2.664279,,6.103027,,,
-1.019048,9.041328,-0.1245584,,2.602057,5.910803,1.457103,,322.5552,260.0089,339.3888,,330.0951,110.1594,6.18254,,6.209961,,,
-0.5539842,8.316284,-0.2054381,,2.923465,5.878153,1.244056,,320.8486,260.194,337.2687,,328.8172,109.687,5.872393,,6.317139,,,
-0.2897916,7.50137,-0.2407293,,3.262042,5.854638,1.040778,,319.834,259.4919,337.8402,,327.5258,108.7882,4.681592,,6.424316,,,
-0.2124643,6.772537,-0.2573323,,3.880046,5.889735,0.7068543,,319.0068,257.95,340.2709,,325.4397,109.5917,2.397104,,6.53125,,,
-0.2800579,6.295774,-0.280376,,4.443506,6.01857,0.525774,,318.6394,254.075,346.638,,323.9371,113.086,357.6863,,6.638184,,,
-0.3902941,5.997953,-0.327837,,4.603769,6.025578,0.4779768,,318.0644,252.793,348.2596,,322.9587,116.5345,354.5154,,6.745117,,,
-0.4345403,5.873044,-0.3752546,,4.578754,6.025583,0.5466061,,318.0107,251.7382,349.7798,,323.2315,117.9755,353.1847,,6.852295,,,
-0.3940554,5.901008,-0.3408761,,4.55076,6.025689,0.6086392,,319.5153,250.0339,351.8545,,323.5892,118.3493,352.0338,,6.959229,,,
-0.2933969,6.051985,-0.2052736,,4.543894,6.025795,0.6117425,,321.2312,248.029,354.9617,,323.952,118.2199,351.6171,,7.066406,,,
-0.1804118,6.341213,-0.04959106,,4.545643,6.025794,0.6068187,,322.6594,247.4423,355.8813,,324.1096,117.6125,351.5452,,7.17334,,,
-0.06548882,6.69289,0.07606459,,4.518011,6.026017,0.6524577,,323.177,246.7201,357.3802,,324.1026,117.5214,351.4562,,7.280762,,,
-0.009981155,6.838883,0.1564708,,4.480298,6.026613,0.6780872,,322.935,246.2276,358.5673,,324.2853,117.9063,351.5155,,7.387451,,,
-0.03895044,6.672432,0.1978288,,4.470036,6.026861,0.6745267,,322.852,245.596,359.656,,324.421,117.8055,351.4952,,7.494385,,,
-0.121695,6.279518,0.1889477,,4.466599,6.026861,0.6844244,,322.8601,244.6149,0.9019428,,324.4955,117.758,351.421,,7.601563,,,
-0.1883388,6.109567,0.1606865,,4.425541,6.027541,0.7202344,,322.5388,244.8296,0.9653144,,324.5378,117.916,351.631,,7.708496,,,
-0.1946001,6.10984,0.2075119,,4.401576,6.028106,0.7231536,,322.7474,245.6892,0.8368378,,324.6594,117.9047,351.7383,,7.815674,,,
-0.2074876,6.095067,0.2171984,,4.358861,6.029036,0.7475834,,323.1157,246.6628,0.2970361,,324.9126,118.0599,351.9692,,7.922607,,,
-0.2205057,6.088429,0.2571712,,4.343503,6.029361,0.7591162,,322.8332,248.0797,358.9724,,325.1288,117.8141,351.9484,,8.029785,,,
-0.1150875,6.085372,0.3308215,,4.343501,6.029359,0.7591119,,322.9922,249.9474,356.7938,,325.1332,117.6669,352.023,,8.136719,,,
0.0604167,6.112102,0.4314232,,4.340322,6.034436,0.7747569,,322.9236,249.9032,356.5324,,325.1394,117.5167,351.9518,,8.243652,,,
0.1620998,6.135409,0.5306196,,4.335174,6.0346,0.7730241,,322.9267,249.4555,356.4412,,325.1317,117.5745,352.052,,8.35083,,,
0.1944637,6.143582,0.5755768,,4.335173,6.034605,0.7730355,,322.0746,248.0988,356.6995,,325.2809,117.5073,352.049,,8.457764,,,
0.1726055,6.134276,0.5814204,,4.335175,6.0346,0.7730279,,321.1312,247.1724,356.8818,,325.287,117.2865,352.0511,,8.564697,,,
0.1061544,6.093618,0.6119738,,4.335172,6.034597,0.7730265,,319.6721,246.757,357.7278,,325.2933,117.0657,352.0531,,8.671875,,,
0.08747959,6.104099,0.6600184,,4.33517,6.0346,0.773026,,318.5345,246.6598,359.067,,325.3752,116.7747,352.1272,,8.778809,,,
0.1081195,6.118655,0.6608181,,4.335173,6.034595,0.7730279,,318.3467,246.1382,359.964,,325.3088,116.5506,352.0579,,8.885742,,,
0.1306314,6.121614,0.657135,,4.333491,6.034604,0.7780342,,318.4614,245.7648,0.8983992,,325.3091,116.5743,352.1311,,8.99292,,,
0.1741061,6.115621,0.6476092,,4.333496,6.034598,0.7780375,,318.5638,244.7053,3.182281,,325.311,116.5006,352.0584,,9.099854,,,
0.2286339,6.154597,0.6670661,,4.328345,6.034771,0.7763147,,318.1599,244.0963,5.259602,,325.4476,116.6387,352.0809,,9.207031,,,
0.2213588,6.156041,0.6626391,,4.326669,6.034769,0.7813168,,318.4701,244.7845,5.614308,,325.3763,116.5854,352.1567,,9.313965,,,
0.1802425,6.151109,0.7012482,,4.324993,6.034772,0.7863297,,318.2296,246.6912,4.509477,,325.3785,116.5353,352.1574,,9.421143,,,
0.1096883,6.161755,0.7968035,,4.323321,6.034771,0.7913408,,317.6719,249.6928,2.996642,,325.3922,116.1175,352.1613,,9.528076,,,
-0.06378984,6.103042,0.8794026,,4.319981,6.034767,0.8013682,,317.8255,255.2734,356.0672,,325.3213,116.0879,352.1636,,9.635254,,,
-0.189971,6.040758,0.907897,,4.316496,6.034945,0.7946391,,318.2959,257.4792,350.5183,,325.3115,116.1955,352.1901,,9.742188,,,
-0.2588139,6.019685,0.9047737,,4.316497,6.034945,0.7946439,,318.6026,258.3875,348.1973,,325.3917,115.9782,352.1902,,9.849121,,,
-0.2604008,6.023929,0.9024305,,4.316497,6.03495,0.7946386,,318.6429,258.6801,347.9862,,325.3937,115.9045,352.1176,,9.956299,,,
-0.3019533,6.035135,0.8932638,,4.325865,6.060295,0.79776,,318.8411,259.9211,346.2449,,325.4005,115.684,352.1926,,10.06323,,,
-0.3458257,6.152424,0.6800251,,4.336738,6.08056,0.7902508,,318.2436,260.7174,343.7367,,325.3912,115.931,352.1902,,10.17017,,,
-0.3184981,6.316873,0.2120347,,4.338413,6.080559,0.7852454,,317.2325,261.4085,342.7524,,325.4668,115.8373,352.1888,,10.27734,,,
-0.2779074,6.395352,-0.3348618,,4.387988,6.079248,0.7740984,,316.057,260.6665,342.0592,,325.8036,115.7829,351.9619,,10.38428,,,
-0.2215624,6.282215,-0.6604919,,4.863283,6.079376,0.9181809,,315.7411,259.3561,344.8311,,326.6572,116.6292,349.5288,,10.49146,,,
-0.1588454,5.987563,-0.6244626,,5.52809,6.143291,1.137974,,316.6264,255.0101,350.3597,,329.323,119.8258,344.9261,,10.59863,,,
-0.1264529,5.628959,-0.277298,,6.55298,6.26881,1.007772,,318.7199,250.8894,355.5968,,337.1757,121.197,332.3857,,10.70532,,,
-0.07353306,5.5853,-0.3094268,,6.873922,6.248482,0.4979742,,320.8372,248.5098,358.2514,,343.3802,120.7007,325.8839,,10.81274,,,
-0.00747633,5.753504,-0.3214722,,6.997937,5.736369,0.1469162,,321.2146,247.8079,357.8763,,350.1721,122.652,321.1064,,10.91943,,,
0.08152342,6.067478,-0.2652855,,6.607664,4.671884,0.3382273,,322.7267,247.2215,358.2812,,350.7119,124.9274,320.503,,11.02661,,,
0.110918,6.490964,-0.1362243,,6.501308,4.326664,0.5896945,,323.7746,246.3606,359.4225,,350.536,124.5232,320.4616,,11.13354,,,
0.06393862,6.775108,0.06437445,,6.733025,4.364924,0.7643037,,324.0544,245.4113,0.3041446,,353.5782,122.2338,321.0496,,11.24072,,,
-0.02148676,6.750397,0.3338094,,6.961914,4.450439,0.8231411,,324.0074,244.7912,0.8666666,,354.9974,121.656,321.9728,,11.34766,,,
-0.1408968,6.457589,0.5760164,,7.293132,4.552828,0.9048705,,323.872,245.5421,1.408761,,355.3615,121.5067,324.7875,,11.45483,,,
-0.2513914,6.023715,0.6884103,,7.296386,4.552828,0.8972888,,323.1401,245.9792,1.326044,,355.3373,122.057,325.5702,,11.56177,,,
-0.1987548,6.068646,0.700943,,7.296384,4.552829,0.8972898,,322.5357,246.5402,1.10949,,355.498,122.4672,325.8298,,11.6687,,,
-0.07038164,5.97403,0.6811199,,7.29574,4.543435,0.9059854,,323.7693,247.3178,1.308694,,355.5793,122.5009,325.8104,,11.77563,,,
0.1015472,5.79122,0.7380009,,7.29574,4.543435,0.9059844,,324.3141,247.8878,0.07474743,,355.463,122.3034,325.7162,,11.88281,,,
0.1814337,5.733028,0.76227,,7.29574,4.543435,0.905993,,324.401,247.7006,359.9041,,355.5347,122.2882,325.7173,,11.98975,,,
0.1665583,5.685567,0.7913499,,7.295739,4.543435,0.9059854,,324.0973,246.066,0.6958072,,355.4482,122.2325,325.7093,,12.09692,,,
0.1535726,5.459303,0.8639379,,7.29574,4.543434,0.9059834,,322.6402,244.5569,1.660236,,355.3616,122.1767,325.7013,,12.20386,,,
0.1593337,4.971468,0.9299808,,7.292986,4.538135,0.9092975,,319.5386,245.8781,3.807212,,355.2602,122.0737,325.7604,,12.31104,,,
0.2782125,4.421724,0.8573394,,7.285753,4.511622,0.9106894,,317.5569,245.5611,7.835378,,355.1886,122.1124,325.6856,,12.41797,,,
0.1059089,4.628079,0.5701213,,7.286261,4.506318,0.9064107,,318.0797,246.0373,11.76803,,355.0722,121.8915,325.6649,,12.5249,,,
-0.2668219,6.206326,0.03148222,,7.289515,4.506319,0.8988304,,320.6716,247.1088,11.83363,,354.9856,121.7887,325.657,,12.63232,,,
-1.859907,7.202017,-0.7822824,,7.296038,4.506316,0.883667,,321.3415,244.7276,14.61804,,354.9408,121.4819,325.6375,,12.73926,,,
-2.987791,6.197817,-1.362766,,7.297673,4.506319,0.8798747,,317.153,241.3767,18.73085,,354.8542,121.4028,325.6297,,12.84619,,,
-4.172964,4.199357,-1.62811,,7.292809,4.505112,0.8777757,,312.5352,237.2247,25.92445,,354.7733,121.4161,325.6497,,12.95313,,,
-4.308298,3.702045,-1.475363,,7.301011,4.505111,0.858829,,310.6849,235.8704,25.53841,,354.7733,121.2983,325.7228,,13.0603,,,
-4.106977,3.708404,-0.7828245,,7.30595,4.505112,0.8474774,,311.7302,236.3104,22.08016,,354.6299,121.258,325.7936,,13.16724,,,
-3.947557,3.716473,-0.07270193,,7.30595,4.505111,0.8474741,,314.7818,235.5051,21.93651,,354.5583,121.2733,325.7186,,13.27417,,,
-3.88606,3.663395,0.2042608,,7.30595,4.505112,0.8474698,,317.1773,235.1827,22.40029,,354.4867,121.2885,325.7904,,13.38135,,,
-3.729124,3.402702,0.1033497,,7.3076,4.505112,0.8436847,,317.0095,235.8577,21.30415,,354.4718,121.1941,325.7841,,13.48877,,,
-3.620418,3.382346,0.1046295,,7.3076,4.505112,0.8436875,,316.6475,236.1567,20.19445,,354.4717,121.1941,325.7113,,13.59521,,,
-3.596887,3.380432,0.1289682,,7.3076,4.505111,0.8436828,,316.6626,236.6804,18.55455,,354.4568,121.1233,325.7777,,13.70239,,,
-3.543201,3.382116,0.1568274,,7.3076,4.505112,0.8436842,,316.6878,236.8407,17.48903,,354.4717,121.1941,325.7841,,13.80933,,,
-3.480095,3.392002,0.1743431,,7.307599,4.505112,0.8436866,,316.6858,236.9956,16.89634,,354.415,121.2802,325.7157,,13.9165,,,
-3.470622,3.378309,0.16576,,7.307599,4.505112,0.8436875,,316.6135,237.6217,14.9286,,354.4717,121.1941,325.784,,14.02344,,,
-3.476812,3.356855,0.1408372,,7.307598,4.50511,0.8436933,,316.5427,236.959,14.10101,,354.4001,121.2094,325.7831,,14.13037,,,
-3.472901,3.366697,0.1389585,,7.3076,4.505112,0.8436799,,316.501,236.9043,14.10978,,354.4001,121.2094,325.7096,,14.23779,,,
-3.477873,3.499339,0.1215601,,7.3076,4.505111,0.8436866,,317.2827,236.6385,14.37986,,354.3852,121.1386,325.7756,,14.34448,,,
-3.49924,3.917525,0.04750109,,7.307598,4.50511,0.8436933,,318.138,235.6946,13.72605,,354.4001,121.2094,325.7831,,14.45166,,,
-3.504584,4.778868,-0.05966425,,7.30925,4.50511,0.8399029,,318.7861,234.7473,12.80597,,354.3852,121.1151,325.7756,,14.55859,,,
-3.533833,5.925966,-0.1598005,,7.309251,4.505112,0.8398976,,319.7022,234.7447,11.99237,,354.3582,121.3426,325.7212,,14.66577,,,
-3.509322,7.289318,-0.2782445,,7.309251,4.505112,0.8399072,,320.6104,236.0851,9.751458,,354.2866,121.3579,325.7198,,14.77271,,,
-3.298141,8.824877,-0.3928761,,7.3076,4.505112,0.8436875,,321.9962,237.7881,6.756741,,354.2717,121.3107,325.7857,,14.87964,,,
-2.940143,10.15347,-0.4107513,,7.3076,4.505112,0.8436856,,323.5722,239.4641,3.868826,,354.2568,121.2399,325.7796,,14.98682,,,
-2.391221,10.85596,-0.1576905,,7.309251,4.505112,0.8399034,,326.4777,242.5525,1.008623,,354.2419,121.1456,325.7001,,15.09375,,,
-1.929379,10.92272,0.1645412,,7.305508,4.509212,0.8382654,,328.8056,242.9097,0.1934614,,354.1758,121.2294,325.7993,,15.20117,,,
-1.920875,10.91731,0.1727953,,7.305508,4.509212,0.8382688,,328.6863,243.0602,0.3448214,,354.1759,121.2294,325.7996,,15.30786,,,
-1.908154,10.89608,0.1905932,,7.308276,4.514515,0.8349767,,328.6786,243.9374,359.7177,,354.1609,121.1351,325.7922,,15.41479,,,
-1.866978,10.79391,0.2504849,,7.30993,4.514515,0.8311801,,328.2241,248.0522,355.9247,,354.1759,121.1823,325.7996,,15.52197,,,
-1.831354,10.72,0.284133,,7.30993,4.514514,0.831181,,327.3821,250.3564,353.3533,,354.1609,121.1115,325.7195,,15.62891,,,
-1.807531,10.58757,0.2486954,,7.313246,4.514514,0.8236156,,325.4384,255.3968,347.7744,,354.0744,121.0089,325.7852,,15.73608,,,
-1.795845,10.49337,0.199059,,7.314904,4.514514,0.8198352,,325.2768,258.5986,343.7771,,354.0893,121.0561,325.7916,,15.84302,,,
-1.761002,10.31768,0.1186733,,7.319892,4.514515,0.8084955,,326.3523,264.8419,336.2175,,354.0893,120.9854,325.8648,,15.94995,,,
-1.677046,10.08892,0.008471489,,7.319892,4.514514,0.8084912,,327.8018,272.5163,326.7922,,354.0325,121.0714,325.8697,,16.05713,,,
-1.579903,9.874062,-0.09855413,,7.275213,4.61917,0.7342801,,329.4157,280.8681,316.6922,,353.5069,120.8216,327.2747,,16.16406,,,
-1.516677,9.738738,-0.1979494,,7.11264,4.705446,0.643147,,330.6769,285.2869,310.5591,,352.7974,120.9033,328.7758,,16.27124,,,
-1.518223,9.737867,-0.195869,,6.807483,4.933505,0.5015259,,330.9846,284.8725,310.8869,,350.8891,120.632,332.3747,,16.37817,,,
-1.521023,9.359958,-0.4253178,,5.71518,5.236483,0.1967108,,322.9185,276.669,321.5692,,346.3615,118.3818,340.6905,,16.48535,,,
-1.429557,9.057648,-0.524334,,4.675621,5.352683,-0.022717,,325.6876,261.7708,343.5716,,341.7953,115.2517,348.3427,,16.59229,,,
-1.260154,8.344456,-0.6133232,,4.005952,5.552012,-0.01826715,,326.3983,258.4884,353.7603,,339.5931,110.4384,353.7304,,16.69971,,,
-1.164939,7.431406,-0.729373,,3.606004,5.578581,0.02649307,,325.1548,263.2403,347.669,,338.8385,106.903,357.6965,,16.8064,,,
-1.081116,6.864452,-0.807734,,3.293422,5.603944,0.1252251,,324.768,267.3108,340.5254,,337.7984,106.2824,359.4126,,16.91333,,,
-1.005692,6.51129,-0.7660737,,3.197689,5.612909,0.1526251,,326.611,276.2912,327.2009,,337.376,105.9525,359.8883,,17.02051,,,
-0.8907781,6.187011,-0.6819453,,2.909791,5.636785,0.0131042,,329.1842,281.4268,314.2799,,337.0953,105.5975,0.2343952,,17.12744,,,
-0.7861042,5.987165,-0.5716777,,2.816,5.693435,0.007669449,,330.7628,283.0091,306.7188,,337.3003,103.7102,358.6714,,17.23438,,,
-0.7383432,5.808737,-0.5064678,,2.881253,5.598889,-0.2965932,,331.5783,282.5313,302.244,,337.0145,103.6904,356.099,,17.34155,,,
-0.7011318,5.592186,-0.4005737,,2.974977,5.580299,-0.4262972,,331.7677,281.327,299.7987,,336.3056,103.9698,354.5207,,17.44873,,,
-0.7062879,5.496336,-0.09088373,,2.967635,5.645956,-0.7269642,,331.3173,281.3639,298.9149,,336.2291,105.7798,354.0867,,17.55566,,,
-0.6921449,5.520534,0.2416272,,2.963247,5.649114,-0.7173741,,331.2464,280.775,298.8729,,336.4372,105.3816,354.1099,,17.66284,,,
-0.6866312,5.580146,0.4405603,,2.952169,5.67468,-0.7181826,,331.2745,280.1017,299.1119,,336.6683,105.0561,354.2524,,17.76953,,,
-0.6613398,5.637729,0.4945769,,2.942546,5.695494,-0.7699656,,331.4485,279.7874,299.1649,,336.5896,105.9316,354.3753,,17.87671,,,
-0.6310701,5.685517,0.444294,,2.953276,5.823561,-0.7662334,,331.5538,280.1158,299.4261,,337.1962,105.6877,354.3441,,17.98364,,,
-0.6683702,5.732255,0.3505034,,2.981976,5.846332,-0.784368,,331.6087,280.0297,299.2769,,338.1392,105.9469,354.3461,,18.09082,,,
-0.7554245,5.801931,0.2844057,,2.900685,6.00105,-0.8528724,,331.5921,280.0479,299.4375,,338.0609,105.8337,354.8397,,18.19775,,,
-0.797596,5.706793,0.2886434,,2.751838,6.168571,-0.9847577,,331.5955,280.2428,299.2012,,338.3763,105.5579,356.0399,,18.30518,,,
-0.8560591,5.698429,0.3220158,,2.558565,6.230865,-0.9889576,,331.562,280.1613,299.1822,,338.9994,105.3563,357.0048,,18.41187,,,
-0.8569646,5.667782,0.3477511,,2.492595,6.253269,-0.9564123,,331.7433,280.4901,299.0454,,339.3178,105.4173,357.1599,,18.5188,,,
-0.7914567,5.596988,0.385025,,2.477152,6.258713,-0.9618709,,331.7113,280.5031,298.9793,,339.2274,105.8747,357.002,,18.62622,,,
-0.7455573,5.564297,0.380198,,2.483792,6.270574,-1.007665,,331.6714,280.5803,298.9998,,338.8887,105.1971,356.5372,,18.73291,,,
-0.6856513,5.411287,0.4838476,,2.4952,6.275648,-1.029932,,331.7633,280.5984,299.052,,338.7984,105.5368,356.3062,,18.83984,,,
-0.6397128,5.272412,0.5563755,,2.546206,6.315133,-1.096546,,331.7948,280.5412,299.0799,,338.535,106.1641,355.3083,,18.94702,,,
-0.6429462,5.184766,0.5709009,,2.636402,6.441662,-1.179824,,331.6688,280.3905,299.1546,,338.412,106.7,353.5869,,19.05396,,,
-0.7046676,5.159445,0.5514302,,2.755999,6.517929,-1.317126,,331.5917,280.1183,299.3135,,338.4215,106.837,351.7648,,19.16113,,,
-0.7718468,5.188365,0.5525441,,3.223583,6.402779,-1.15322,,331.0449,278.871,298.7395,,339.1913,107.3503,349.4022,,19.26831,,,
-0.770648,5.281195,0.5718365,,4.513836,6.156752,-0.7488747,,328.045,277.9331,302.0032,,340.6856,110.6639,346.5841,,19.37524,,,
-0.7906876,5.645771,0.382298,,5.171515,6.033665,-0.4756818,,321.7961,268.6578,323.4111,,341.4333,112.769,345.6825,,19.48218,,,
-0.7660227,6.051708,-0.02415228,,5.552829,5.562943,-0.2578812,,318.3632,263.3198,339.6091,,341.8628,114.5069,345.0081,,19.58936,,,
-0.7580776,6.17602,-0.3157263,,5.763019,5.199687,-0.13287,,316.5194,261.1181,343.3616,,341.4576,115.9026,343.86,,19.69629,,,
-0.7485476,6.243765,-0.6524878,,5.944463,4.976947,-0.01697659,,316.4355,261.538,344.9395,,341.7502,116.7329,343.0029,,19.80322,,,
-0.7118354,6.223375,-0.965467,,6.049898,4.832137,0.08373427,,315.6832,261.4893,344.142,,342.4973,117.4608,342.3677,,19.9104,,,
-0.5878534,6.157742,-1.220015,,6.040098,4.832143,0.1052511,,315.1453,261.7342,343.3123,,342.4833,117.4345,342.2889,,20.01733,,,
-0.3845968,6.042167,-1.343769,,6.040092,4.832137,0.1052516,,314.3234,260.8991,344.5937,,342.4696,117.2905,342.3568,,20.12427,,,
-0.1971149,5.984395,-1.326952,,6.03846,4.836836,0.09930801,,314.6885,258.9561,347.8737,,342.17,117.2909,342.3704,,20.23169,,,
-0.08845091,6.038881,-1.215659,,6.03302,4.87188,0.09684277,,316.1826,254.2946,354.4518,,341.6947,117.1716,342.4198,,20.33838,,,
0.003657341,5.992648,-0.9508672,,6.022504,4.916321,0.08685565,,319.49,247.037,4.326349,,341.5883,117.1914,342.6086,,20.44556,,,
0.139327,6.239612,-1.237399,,6.020432,4.940897,0.07029366,,320.8066,243.3186,9.203548,,341.5441,116.8825,342.7436,,20.55273,,,
0.2614741,6.189201,-1.40771,,6.024338,4.966516,0.06686282,,319.7093,241.9636,9.815328,,341.4565,116.7869,342.8352,,20.65967,,,
0.3649149,5.940312,-1.440121,,6.018633,4.98116,0.06424594,,319.3806,241.6999,9.778143,,341.2883,116.7149,343.0939,,20.76685,,,
0.4106603,5.467118,-1.354069,,6.018866,4.995797,0.04870772,,317.9257,241.9146,9.306899,,341.2531,116.4129,343.2794,,20.87354,,,
0.3828907,4.895358,-1.274658,,6.020253,5.001017,0.04934072,,316.4954,240.1613,11.64895,,341.2464,116.3408,343.4232,,20.98071,,,
0.2802916,4.205321,-1.271605,,6.028378,5.016684,0.04262638,,315.271,238.6708,13.78273,,341.1606,116.1568,343.4894,,21.08765,,,
0.08942413,4.433811,-1.574105,,6.039105,5.027125,0.02667975,,314.4532,239.3586,16.01706,,341.1409,115.8461,343.5554,,21.19482,,,
-0.1114573,6.35368,-1.828903,,6.047742,5.047482,0.009780407,,316.9344,243.1159,13.34564,,341.1995,115.6648,343.5787,,21.30176,,,
-1.191177,8.097583,-2.677494,,6.053141,5.052701,0.001828671,,320.7097,244.389,14.06683,,341.266,115.5383,343.7252,,21.40869,,,
-2.187319,7.183466,-3.527653,,6.05115,5.052701,0.006127357,,315.768,239.726,18.7726,,341.266,115.5618,343.9449,,21.51587,,,
-3.457733,5.643203,-4.404021,,6.047152,5.052698,0.01473236,,310.4205,235.0492,25.33367,,341.326,115.4573,344.3821,,21.6228,,,
-3.974,4.889088,-4.763124,,6.053144,5.052707,0.001826048,,308.8444,233.062,27.84527,,341.3924,115.3071,344.4554,,21.73022,,,
-3.877558,4.556677,-4.545235,,6.037339,5.051683,0.0101881,,307.9277,233.0829,27.66522,,341.3773,115.3628,344.5018,,21.83691,,,
-3.552275,4.224498,-4.012041,,6.03044,5.051178,0.01222706,,308.5696,233.1333,26.26457,,341.4426,115.3717,344.6008,,21.94385,,,
-3.353362,4.147001,-3.609408,,6.036423,5.051179,-0.0007007122,,310.2076,233.5277,25.05002,,341.5091,115.2217,344.5275,,22.05103,,,
-3.284177,3.955992,-3.528054,,6.03443,5.051179,0.003610134,,310.6682,234.3768,23.71839,,341.5028,115.173,344.5252,,22.1582,,,
-3.26859,3.831922,-3.533069,,6.027514,5.050674,0.005640984,,310.1935,234.677,23.48998,,341.5018,115.2613,344.5508,,22.26514,,,
-3.261573,3.702104,-3.557625,,6.026015,5.055389,-0.0002915859,,309.511,234.2662,23.37182,,341.4276,115.3097,344.5742,,22.37231,,,
-3.247445,3.65196,-3.524336,,6.014196,5.054396,-0.0005192757,,308.8532,234.0041,23.20167,,341.4128,115.3185,344.6207,,22.479,,,
-3.225428,3.647118,-3.471665,,6.010696,5.059115,-0.002141953,,308.7646,233.7814,23.1786,,341.4053,115.311,344.6441,,22.58618,,,
-3.204841,3.604244,-3.433391,,6.008693,5.059115,0.002174616,,308.7852,233.7191,23.16674,,341.4179,115.479,344.7221,,22.69312,,,
-3.204393,3.580157,-3.433058,,6.005184,5.063843,0.0005543232,,308.7935,233.6681,23.27502,,341.3373,115.4787,344.7429,,22.80029,,,
-3.203923,3.57937,-3.433828,,5.995371,5.062863,-0.003987074,,308.7749,233.5489,23.29225,,341.3408,115.6804,344.7963,,22.90723,,,
-3.20692,3.572738,-3.430195,,5.99878,5.068075,-0.007658005,,308.7589,233.3462,23.34032,,341.4077,115.5778,344.7963,,23.01416,,,
-3.165326,3.316262,-3.354,,6.004714,5.078017,-0.02590966,,308.6318,232.6122,23.49094,,341.5089,115.0285,344.8842,,23.12134,,,
-3.204764,3.28177,-3.32099,,6.018691,5.10784,-0.07197905,,308.5088,232.2298,23.53172,,341.5534,114.6916,344.881,,23.22827,,,
-3.174564,3.193419,-3.333766,,6.023572,5.118252,-0.07495522,,308.5627,232.0569,23.25475,,341.5596,114.7403,344.9562,,23.33545,,,
-3.183731,3.195491,-3.33346,,6.015482,5.118242,-0.05769324,,308.635,232.6926,19.80271,,341.5657,114.9069,344.8851,,23.44238,,,
-3.085882,3.709422,-3.242207,,6.013456,5.118254,-0.05337811,,309.9126,232.9706,18.09944,,341.5597,114.8582,344.9562,,23.54932,,,
-3.120369,4.677938,-3.117534,,5.99535,5.118247,-0.01449156,,312.1397,234.8166,14.92905,,341.4927,115.1493,344.9564,,23.65649,,,
-3.111247,4.751568,-3.0379,,5.989356,5.118251,-0.001513958,,312.48,234.8468,14.55395,,341.4925,115.22,345.0294,,23.76343,,,
-3.14009,4.702507,-3.140794,,5.973425,5.118252,0.03312755,,312.7675,235.6558,14.61831,,341.5473,115.1848,345.0984,,23.87085,,,
-3.096349,4.669644,-3.027452,,5.954295,5.111154,0.01911163,,312.256,235.6671,17.69019,,341.8949,115.2427,345.3532,,23.97778,,,
-3.038156,4.576251,-2.888472,,5.964781,5.11589,-0.01286316,,312.2235,235.2186,20.49895,,341.7235,114.8669,345.4391,,24.08447,,,
-3.045949,4.563542,-2.900695,,5.935205,5.143016,-0.04236317,,312.5515,234.4091,22.28293,,341.2986,114.8347,345.5681,,24.19165,,,
-3.14438,4.099136,-2.911857,,5.87545,5.177345,-0.1019521,,313.011,233.243,23.7874,,341.4775,114.6865,345.9042,,24.29858,,,
-3.118669,4.101274,-2.942014,,5.865941,5.192122,-0.0957365,,312.4958,232.974,25.22876,,341.4575,114.6463,346.0222,,24.40576,,,
-3.070373,4.040745,-2.995154,,5.857805,5.192119,-0.07821894,,312.2307,233.4573,25.55554,,341.5986,114.6565,346.0244,,24.5127,,,
-3.098305,3.877875,-3.011783,,5.843639,5.192122,-0.04753089,,311.743,233.6221,25.15272,,341.6715,114.8156,346.0261,,24.61987,,,
-3.094835,4.033533,-2.97803,,5.843633,5.192122,-0.04753065,,311.4913,233.0815,24.98692,,341.6716,114.8156,346.0261,,24.72681,,,
-3.090489,4.033555,-2.975603,,5.843627,5.19212,-0.0475359,,311.4879,233.011,24.90138,,341.7445,114.8098,346.028,,24.83374,,,
-3.09707,4.075108,-2.974576,,5.838711,5.191714,-0.04979777,,311.7042,233.2919,24.61665,,341.7374,114.8025,346.0513,,24.94116,,,
-3.073542,4.156191,-3.002175,,5.834689,5.191718,-0.04101872,,312.8402,233.4676,24.39468,,341.6591,114.7828,346.0478,,25.04834,,,
-3.033173,4.301515,-3.053669,,5.82976,5.191313,-0.0432775,,313.5029,233.7361,23.7259,,341.5891,114.9262,345.9997,,25.15503,,,
-3.022207,4.603653,-3.134945,,5.829755,5.191316,-0.04328108,,314.1297,234.2135,22.88429,,341.5839,114.8537,346.0711,,25.26221,,,
-2.996623,5.10764,-3.212534,,5.836731,5.201707,-0.0507102,,314.3062,234.771,21.91378,,341.5788,114.7342,346.0693,,25.36914,,,
-3.044273,5.723028,-3.300984,,5.87624,5.269183,-0.08561945,,314.1942,235.3632,20.44944,,341.5788,114.4986,346.0694,,25.47607,,,
-3.215705,6.452408,-3.358823,,5.995099,5.588612,-0.1147764,,314.3394,236.8322,16.93678,,341.8973,114.6641,346.1374,,25.58301,,,
-3.316971,7.298768,-3.393282,,5.995817,5.85638,-0.1887066,,314.9006,238.6383,12.15541,,342.2884,115.0695,346.7277,,25.69019,,,
-3.273086,8.203297,-3.366809,,5.785904,5.973042,-0.3383563,,315.9131,244.1299,4.034898,,342.2907,114.0089,348.003,,25.79712,,,
-3.100518,9.090513,-3.339206,,5.54826,5.975239,-0.4367952,,317.7735,249.1013,357.0716,,342.2298,113.5598,349.0491,,25.9043,,,
-2.803059,9.71949,-3.295575,,4.925091,5.977478,-0.6323509,,319.194,253.7379,350.1474,,341.3994,113.2177,351.8141,,26.01123,,,
-2.410327,9.938259,-3.119375,,4.131211,6.023505,-0.8164129,,322.1869,258.5261,342.2015,,341.208,110.2747,352.8214,,26.11816,,,
-1.993221,9.660777,-2.728827,,4.063104,6.041554,-0.8662229,,324.2448,262.3121,335.351,,341.0182,107.9943,352.1597,,26.22534,,,
-1.643022,9.034428,-2.220211,,3.874157,6.080177,-0.9846046,,325.5743,266.1798,328.5661,,340.9782,106.9008,352.1396,,26.33228,,,
-1.368426,8.291888,-1.761443,,3.667609,6.134218,-1.080086,,327.2065,269.9086,322.2858,,341.3116,106.5412,352.1139,,26.43359,,,
-1.188048,7.460214,-1.392059,,3.617399,6.152202,-1.103301,,330.7869,276.819,311.2231,,341.6208,106.5818,351.8497,,26.54028,,,
-1.162226,6.847308,-1.197577,,3.57651,6.152987,-1.122199,,334.8951,281.556,301.3605,,341.6807,106.3853,351.8239,,26.64063,,,
-1.210603,6.477638,-1.128033,,3.543556,6.14358,-1.072839,,336.6902,282.2977,296.7212,,341.7492,106.6241,351.7715,,26.7478,,,
-1.265539,6.354847,-1.141617,,3.423886,6.155776,-1.017296,,337.4292,283.3671,294.0826,,341.6695,107.0566,351.765,,26.85474,,,
-1.308503,6.436819,-1.216868,,3.137517,6.196565,-1.020736,,337.473,283.6385,293.098,,341.5623,107.045,351.5602,,26.96167,,,
-1.320898,6.605579,-1.276938,,2.918602,6.242773,-1.036123,,337.5442,283.681,292.7782,,341.6045,107.0838,351.4547,,27.06885,,,
-1.345087,6.719555,-1.276316,,2.88993,6.289009,-1.015938,,337.5776,283.7959,292.6175,,342.0113,106.3225,350.469,,27.17578,,,
-1.364612,6.740591,-1.227133,,2.867988,6.298725,-0.9588041,,337.5207,283.7659,292.7956,,341.7809,106.6215,350.3224,,27.28296,,,
-1.368371,6.693373,-1.174416,,2.872724,6.252629,-0.9122298,,337.397,283.7646,292.7199,,342.0541,106.4784,350.2155,,27.38989,,,
-1.381302,6.651113,-1.172109,,2.861914,6.253572,-0.9328952,,337.36,283.6697,292.7809,,342.1116,107.4113,349.601,,27.49731,,,
-1.41396,6.651165,-1.215776,,2.830955,6.268121,-0.9575517,,337.2559,283.811,292.7481,,341.7906,106.9132,349.1127,,27.604,,,
-1.398722,6.620983,-1.236939,,2.849912,6.24752,-0.998879,,337.2627,283.774,292.7628,,341.6724,107.5907,348.8431,,27.71118,,,
-1.388381,6.609096,-1.269558,,2.865721,6.275626,-1.039711,,337.241,284.037,292.2862,,341.6009,108.0062,347.9439,,27.81836,,,
-1.392798,6.623855,-1.310093,,2.863779,6.326972,-1.053567,,337.1824,284.0614,292.1852,,341.7276,107.6673,346.8481,,27.92529,,,
-1.393791,6.641565,-1.327368,,2.872235,6.406677,-1.081071,,337.2711,284.0736,292.101,,341.7725,108.5682,345.136,,28.03223,,,
-1.406079,6.585137,-1.229157,,2.91117,6.556445,-1.129779,,335.2278,282.1041,291.9249,,341.872,109.7409,340.4853,,28.13916,,,
-1.424416,6.572937,-1.201345,,3.100901,6.853168,-1.27514,,332.9211,281.6813,295.8216,,341.2212,112.3656,332.1291,,28.24634,,,
-1.490554,6.538784,-1.185637,,3.457581,7.381704,-1.392227,,331.8825,281.085,297.8479,,340.4096,115.4781,318.1579,,28.35327,,,
-1.576293,6.497719,-1.1885,,3.882635,8.046658,-1.463392,,331.1329,280.9106,298.7438,,340.9037,119.7257,301.3341,,28.46045,,,
-1.657095,6.457325,-1.169201,,4.356914,8.572398,-1.384376,,330.6692,280.7347,299.0729,,340.5522,125.897,289.6302,,28.56738,,,
-1.714302,6.429168,-1.155541,,4.667524,8.798911,-0.9597616,,330.3754,280.306,299.4078,,342.4785,128.3363,280.0384,,28.67432,,,
-1.805135,6.385161,-1.133846,,4.830136,8.61454,-0.2077332,,330.008,280.0169,300.0647,,343.5816,129.397,272.9911,,28.78174,,,
-1.877092,6.350938,-1.116672,,4.807791,8.308577,0.744339,,329.6756,279.9205,300.2885,,344.8287,127.9358,263.1102,,28.88843,,,
-1.90112,6.339628,-1.110929,,4.855413,7.971519,1.651459,,329.2758,280.0396,300.311,,345.3813,129.2516,259.8107,,28.99585,,,
-1.930282,6.328271,-1.126746,,4.866122,7.663081,2.44528,,329.1423,280.0886,300.4043,,346.2667,128.8945,258.3576,,29.10278,,,
-1.933386,6.32606,-1.118409,,4.853964,7.404871,3.050296,,328.9514,280.2178,300.3906,,347.3289,129.5315,257.4405,,29.20947,,,
-1.933381,6.326058,-1.118411,,4.849591,7.213454,3.485919,,328.93,280.3699,300.4827,,348.4654,129.1507,255.5094,,29.31665,,,
-1.949542,6.31931,-1.122133,,4.947962,6.95775,3.77264,,328.8898,280.3587,300.5493,,348.5836,128.9579,253.7549,,29.42358,,,
-1.949555,6.319321,-1.122136,,5.036825,6.845944,3.839122,,328.8231,280.3936,300.4585,,348.479,128.0921,251.0379,,29.53076,,,
-1.973612,6.30813,-1.116347,,5.050067,6.790955,3.753021,,328.7691,280.3474,300.5476,,348.7484,127.6244,250.7108,,29.6377,,,
-1.973618,6.308136,-1.116351,,5.017109,6.780562,3.688009,,328.7115,280.4293,300.6434,,349.9623,127.4269,250.8129,,29.74463,,,
-1.975236,6.300717,-1.10836,,4.97664,6.757335,3.625069,,328.7431,280.5109,300.7025,,351.1848,126.6207,251.0752,,29.85181,,,
-2.006162,6.289489,-1.131205,,4.878426,6.659343,3.573167,,328.6089,280.5822,300.7227,,352.383,124.0144,251.1302,,29.95874,,,
-2.030607,6.280547,-1.14798,,4.664063,6.301343,3.639313,,328.5551,280.6059,300.8122,,351.35,122.6772,248.6472,,30.06592,,,
-2.074392,6.26285,-1.159986,,4.45869,5.738026,3.724707,,328.3805,280.6179,300.9733,,349.312,122.61,245.57,,30.17285,,,
-2.083055,6.262701,-1.195602,,4.304029,5.033224,3.828396,,328.1796,280.84,300.9182,,347.4822,122.46,243.3273,,30.28003,,,
-2.169146,6.236012,-1.29479,,4.221926,4.269796,3.903391,,327.5271,281.2352,301.0408,,346.4789,122.6845,241.7833,,30.38696,,,
-2.327878,6.188199,-1.359336,,4.180066,3.964301,3.92504,,326.3406,279.8628,302.2973,,345.9459,123.3535,241.4066,,30.49438,,,
-2.848742,6.191489,-1.312551,,4.246409,4.010653,3.892286,,323.4738,275.6204,308.9783,,346.5474,121.8058,246.8212,,30.60132,,,
-4.402281,6.096384,-1.402784,,4.467908,4.845727,3.539526,,317.731,265.4999,322.8268,,346.3805,123.34,255.5391,,30.70825,,,
-5.8531,5.782261,-1.086977,,4.616058,5.50503,3.113215,,314.2375,251.8032,338.2452,,348.8112,123.0023,264.744,,30.81519,,,
-6.896575,5.482603,-0.6779594,,5.246559,5.69624,2.391603,,314.3607,241.4918,350.0589,,351.0001,122.6476,276.522,,30.92212,,,
-7.115768,5.152356,-0.5395489,,5.66138,5.708938,1.425203,,314.96,237.6422,352.9586,,351.6311,121.4042,285.2755,,31.0293,,,
-7.271048,5.109422,0.2126889,,6.175693,5.718663,-0.04499984,,317.4448,231.4633,357.1282,,351.2478,120.7858,294.7436,,31.13623,,,
-7.161416,4.859282,0.5348296,,6.508932,5.788419,-1.087292,,320.3328,229.9157,359.3746,,350.5165,122.1758,299.4483,,31.24316,,,
-7.239477,4.329569,0.7434115,,6.748525,5.804295,-1.588194,,320.8105,228.1518,1.047728,,350.8813,123.8178,301.9925,,31.35034,,,
-7.443482,3.89907,0.9543328,,6.82044,5.809074,-1.702179,,320.9008,226.083,3.089586,,350.7951,126.1219,304.1743,,31.45728,,,
-7.578834,3.870303,1.087163,,6.753351,5.831209,-1.539012,,321.0938,225.0194,4.248984,,350.3706,127.2779,305.4079,,31.56421,,,
-7.619061,3.794838,1.222077,,6.663657,5.834934,-1.436901,,321.7455,224.4642,4.892667,,350.1513,127.6656,306.3475,,31.67139,,,
-7.623668,3.626661,1.316258,,6.668227,5.835288,-1.433986,,321.9194,224.1669,5.145258,,349.9839,126.9501,307.1049,,31.77832,,,
-7.57485,3.481788,1.495877,,6.65016,5.835294,-1.405624,,321.9968,223.9604,5.227455,,349.7283,126.4003,308.1727,,31.8855,,,
-7.561054,3.432676,1.554103,,6.619375,5.835294,-1.356891,,322.1494,223.7589,5.184507,,349.6187,125.9608,308.7298,,31.99268,,,
-7.527121,3.375944,1.759722,,6.585557,5.82714,-1.247984,,322.735,223.3694,4.94594,,349.6833,126.1603,309.8468,,32.09937,,,
-7.557827,3.361802,1.961835,,6.577737,5.799752,-1.163081,,324.0638,223.4422,6.149348,,349.1578,125.4413,313.5759,,32.20679,,,
-7.550361,3.367084,1.948362,,6.580214,5.799747,-1.167166,,324.2781,223.9935,6.690762,,348.804,124.1335,315.3318,,32.31372,,,
-7.561337,3.36681,1.95157,,6.585171,5.799739,-1.175315,,324.2469,223.9145,6.723033,,348.6971,123.7243,315.9229,,32.42065,,,
-7.55152,3.368763,1.95217,,6.582131,5.804487,-1.177198,,324.3044,223.763,6.674617,,348.5339,123.6566,316.0845,,32.52783,,,
-7.561927,3.373543,1.960464,,6.586209,5.809602,-1.180308,,324.2176,223.8201,6.661946,,348.4565,123.5649,316.154,,32.63477,,,
-7.588746,3.399578,1.954797,,6.587806,5.814701,-1.179308,,324.055,224.0225,6.618324,,348.3751,123.4242,316.221,,32.7417,,,
-7.62988,3.485511,1.897428,,6.589405,5.819818,-1.178339,,324.2358,224.2844,6.845109,,348.371,123.3517,316.3647,,32.84888,,,
-7.684416,3.730822,1.780831,,6.591006,5.824927,-1.177362,,324.6521,224.9698,6.729058,,348.2895,123.2111,316.358,,32.95581,,,
-7.711544,4.146807,1.693988,,6.591187,5.839881,-1.177262,,324.7986,225.4391,6.274591,,348.2643,122.9894,316.4432,,33.06274,,,
-7.698267,4.690469,1.663444,,6.564675,5.862529,-1.198985,,325.034,226.8973,4.485537,,348.2361,122.929,316.6042,,33.16992,,,
-7.61248,5.619055,1.536983,,6.505661,5.898323,-1.229282,,325.7047,229.2215,1.391612,,348.0392,122.7455,317.413,,33.27686,,,
-7.95176,5.787009,1.65056,,6.143705,5.887872,-1.28706,,329.4557,229.1049,3.474886,,346.7223,122.2052,321.7183,,33.38379,,,
-7.743219,6.89573,1.398497,,5.555692,5.881104,-1.322907,,327.975,231.1097,5.308245,,345.4891,120.6556,325.7731,,33.49097,,,
-7.427314,7.914484,0.913734,,4.945259,5.892428,-1.412618,,329.4971,233.6148,0.7694796,,345.6831,118.2464,328.4448,,33.5979,,,
-6.973207,8.795702,0.5209732,,4.577212,5.914383,-1.460565,,329.6163,235.9632,356.9384,,345.2277,117.0703,329.938,,33.70532,,,
-6.41118,9.249106,0.3461781,,3.893799,5.980292,-1.650623,,329.7114,242.8236,347.1851,,344.1584,114.6945,333.2152,,33.81226,,,
-5.751932,9.187366,0.3612471,,3.268932,6.06363,-1.781024,,330.3864,248.283,336.8315,,343.8442,110.9352,336.5353,,33.91943,,,
-4.998296,8.792605,0.4508247,,3.054506,6.105243,-1.85393,,329.9699,250.2175,332.9122,,343.3977,109.3277,337.6872,,34.02686,,,
-4.202332,8.240733,0.4571934,,2.926948,6.131835,-1.896631,,330.0082,253.7201,330.118,,342.5439,108.2363,338.8353,,34.13354,,,
-3.452271,7.59745,0.3496871,,2.886048,6.140632,-1.909979,,331.0499,262.8994,320.877,,341.8415,108.1332,339.5786,,34.24072,,,
-2.812001,7.00345,0.1588631,,2.786085,6.164386,-1.959632,,333.4867,273.0321,306.1211,,341.5559,107.4084,340.6162,,34.34766,,,
-2.303289,6.588145,-0.07678461,,2.487661,6.220897,-2.021791,,336.5462,279.468,293.4463,,341.3849,107.1349,342.0394,,34.45508,,,
-1.86342,6.400399,-0.3220582,,2.134207,6.179559,-1.933024,,338.0384,282.555,286.9588,,341.9561,106.9276,343.0475,,34.56152,,,
-1.525486,6.342104,-0.5162764,,1.929009,6.166961,-1.590644,,339.5803,285.1031,282.4879,,342.5014,106.9041,340.727,,34.6687,,,
-1.391985,6.318178,-0.5978432,,1.975968,6.218509,-1.633914,,339.9117,285.1741,281.3046,,342.5623,106.4531,339.5154,,34.77612,,,
-1.356476,6.31326,-0.5638189,,1.88277,6.180509,-1.508784,,339.769,284.9363,281.1582,,342.541,106.5163,339.2556,,34.88281,,,
-1.353395,6.295053,-0.4948387,,1.861383,6.204924,-1.480923,,339.6234,285.0143,281.0319,,343.0051,106.9353,338.4026,,34.98999,,,
-1.352767,6.275115,-0.4497252,,1.824287,6.213439,-1.386458,,339.3822,284.9442,281.0985,,343.1068,107.2899,337.7881,,35.09668,,,
-1.352867,6.239668,-0.4299707,,1.78246,6.212615,-1.304693,,339.1671,284.8346,281.1444,,343.0998,107.5339,337.4151,,35.2041,,,
-1.364214,6.241069,-0.4605637,,1.818662,6.20836,-1.364316,,338.9263,284.9841,281.0526,,343.0591,107.0951,337.2665,,35.31079,,,
-1.379051,6.271364,-0.5093484,,1.813656,6.285737,-1.429808,,338.8789,284.9433,280.9846,,342.8809,107.3549,337.2148,,35.41797,,,
-1.396757,6.302536,-0.5561638,,1.872734,6.43354,-1.474303,,338.8625,284.9198,281.0087,,343.2469,107.7104,336.5911,,35.5249,,,
-1.390035,6.353408,-0.6511264,,1.915033,6.484246,-1.509652,,338.8082,285.108,280.8734,,343.5385,108.0982,335.7998,,35.63184,,,
-1.38185,6.378966,-0.7440882,,1.939256,6.53156,-1.54742,,338.9166,285.2324,280.8276,,343.388,109.0363,334.6812,,35.73901,,,
-1.380345,6.367439,-0.79143,,1.950577,6.621847,-1.628374,,338.893,285.3662,280.7971,,343.4011,109.3208,333.6979,,35.84595,,,
-1.392172,6.328176,-0.7859511,,2.015411,6.809871,-1.699738,,338.7886,285.4078,280.5458,,343.644,109.8703,333.14,,35.95313,,,
-1.410073,6.292886,-0.7337542,,2.055352,6.865089,-1.731864,,338.8858,285.7513,280.6624,,344.0354,109.6642,332.6082,,36.06055,,,
-1.425418,6.286852,-0.6810789,,2.053393,6.804023,-1.732751,,338.9731,286.0195,280.8161,,344.4271,108.87,332.408,,36.16699,,,
-1.429522,6.3132,-0.6683254,,1.903944,6.371763,-1.844461,,338.8633,286.0065,280.7253,,342.4362,108.4461,334.2822,,36.27417,,,
-1.414799,6.359259,-0.6960278,,1.847575,6.366661,-1.724876,,338.6922,286.2084,280.6085,,341.6029,108.9025,336.6112,,36.3811,,,
-1.399085,6.389581,-0.7156019,,1.83402,6.387661,-1.678569,,338.5288,286.3091,280.4542,,341.806,109.0286,336.851,,36.48828,,,
-1.393142,6.384362,-0.6817827,,1.828618,6.398684,-1.62839,,338.6379,286.4419,280.4533,,342.3144,109.135,336.7761,,36.59521,,,
-1.394289,6.354853,-0.59761,,1.796358,6.379446,-1.523915,,338.436,286.5191,280.4017,,342.8521,109.1724,336.8342,,36.70264,,,
-1.404752,6.317608,-0.5219254,,1.772604,6.357769,-1.42984,,338.5865,286.4487,280.4937,,342.8545,109.687,336.5767,,36.80933,,,
-1.407317,6.310742,-0.5066323,,1.781252,6.380325,-1.42855,,338.5522,286.5102,280.6883,,342.7969,109.9111,335.4091,,36.9165,,,
-1.380829,6.343065,-0.58851,,1.804746,6.432077,-1.508772,,338.5475,286.361,280.5634,,342.9053,110.1042,334.3296,,37.02344,,,
-1.352289,6.422019,-0.6992178,,1.829914,6.520779,-1.633004,,338.5654,286.6514,280.5985,,343.1482,110.3266,333.4283,,37.13062,,,
-1.352624,6.51061,-0.8237176,,1.839711,6.628675,-1.74147,,338.6095,286.668,280.4454,,343.5731,109.7833,331.8161,,37.23755,,,
-1.340995,6.57564,-0.9159074,,1.835649,6.72525,-1.833598,,338.5281,286.6919,280.547,,343.6611,110.2549,329.4837,,37.34448,,,
-1.394117,6.526949,-0.8284121,,1.891852,6.896208,-1.921582,,337.343,285.0204,280.0967,,343.3326,111.2721,325.7914,,37.45166,,,
-1.453052,6.503143,-0.8304601,,2.350263,7.51681,-2.174117,,335.3923,283.8838,282.0649,,343.2706,112.9339,319.0135,,37.55859,,,
-1.534173,6.48284,-0.8507419,,2.397359,7.637015,-2.21576,,333.4644,282.3645,286.792,,342.7761,114.0312,309.6573,,37.66577,,,
-1.554021,6.468816,-0.8472543,,2.824118,8.101702,-2.463662,,332.2926,280.7827,290.2298,,341.6625,114.1154,294.2234,,37.77271,,,
-1.586194,6.45226,-0.8472071,,3.423254,8.602304,-2.82431,,331.8254,280.5953,293.0504,,340.4769,117.7629,280.7395,,37.87988,,,
-1.602993,6.433211,-0.8367171,,4.131197,8.962461,-3.069127,,331.6662,280.4977,294.0005,,337.767,122.2896,269.6813,,37.98682,,,
-1.630674,6.406339,-0.8299212,,4.820616,9.013626,-3.0809,,331.3275,280.3771,295.2442,,336.4088,127.4987,259.9946,,38.09375,,,
-1.677675,6.388395,-0.851078,,5.413623,8.744942,-2.704063,,330.897,280.239,296.1382,,335.9658,131.4957,250.7421,,38.20068,,,
-1.706906,6.36916,-0.8668113,,5.932302,8.166382,-1.955759,,330.6721,280.2687,296.4859,,335.7247,136.2807,243.7342,,38.30786,,,
-1.705658,6.366834,-0.851141,,6.390179,7.460878,-1.083214,,330.4286,280.4192,296.3634,,336.1843,140.0241,238.2563,,38.41479,,,
-1.70472,6.369937,-0.8598804,,6.795891,6.801265,-0.2580841,,330.2082,280.6984,296.3328,,336.7563,141.8841,234.4745,,38.52173,,,
-1.709955,6.360023,-0.858007,,7.147533,6.258072,0.4129195,,330.1071,280.8734,296.4317,,336.6257,142.7154,229.9904,,38.62891,,,
-1.707417,6.363146,-0.8594713,,7.050167,6.2017,0.4637928,,330.0403,280.9087,296.4143,,336.4267,142.4437,228.1878,,38.73584,,,
-1.709353,6.360769,-0.8583579,,6.99886,6.154324,0.4877129,,330.0628,280.9666,296.4338,,336.5974,140.8359,228.3559,,38.84302,,,
-1.706765,6.363966,-0.8598571,,6.967869,6.076046,0.4340098,,329.9964,281.0013,296.4166,,337.8807,140.7499,228.2076,,38.95044,,,
-1.707253,6.356287,-0.8590164,,6.960143,5.974745,0.3897371,,329.9963,281.001,296.4169,,338.6818,140.4014,228.2265,,39.05713,,,
-1.713944,6.351655,-0.8568668,,6.97089,5.800544,0.4331355,,329.9822,280.9905,296.4383,,338.0292,140.2209,228.1609,,39.16431,,,
-1.719571,6.344906,-0.8564839,,6.956802,5.589489,0.4943197,,330.0001,281.0843,296.5206,,336.5732,139.9981,228.189,,39.271,,,
-1.731129,6.340156,-0.8761091,,6.92736,5.361831,0.5627203,,329.9645,281.2949,296.5637,,335.2887,140.6161,227.8974,,39.37817,,,
-1.743163,6.343032,-0.9429502,,6.898503,5.160026,0.6160836,,329.5408,281.4282,296.6897,,334.1809,140.1792,227.3666,,39.48511,,,
-2.003313,6.256619,-1.192758,,6.888428,4.975356,0.6513963,,326.0717,278.3441,302.9914,,333.4655,140.2765,227.2527,,39.59229,,,
-2.695382,6.123796,-1.434494,,6.926613,4.84383,0.6581635,,321.5554,274.2694,310.9553,,333.212,140.6545,228.7597,,39.69922,,,
-3.847512,5.807788,-1.635052,,6.902448,4.678885,0.7342601,,316.9273,268.2615,321.4501,,331.7483,139.043,234.9302,,39.80615,,,
-4.557282,5.666751,-1.971177,,6.813793,5.027798,0.5521934,,313.8328,264.0364,328.9435,,329.9855,138.4112,239.1799,,39.91333,,,
-5.078136,5.751769,-2.199881,,6.478608,5.813575,0.4772694,,311.4209,260.076,334.5887,,329.5673,136.9856,248.9224,,40.02026,,,
-6.192818,5.800165,-2.398298,,6.25018,6.378129,0.251375,,310.222,252.8622,343.9673,,330.96,134.8419,257.9597,,40.12744,,,
-6.941538,5.673311,-2.451884,,6.076917,6.206542,0.1322937,,310.0965,248.3698,349.2485,,332.6194,134.1535,265.5582,,40.23438,,,
-7.354407,5.367761,-2.438077,,6.042083,5.815379,0.01237965,,309.7653,244.7996,352.565,,335.1333,131.1391,276.7447,,40.34131,,,
-7.548969,5.110891,-2.317315,,6.070172,5.599688,-0.2378161,,309.6758,241.6904,354.5558,,337.1333,130.4513,284.9121,,40.44849,,,
-7.769566,4.885824,-2.088782,,6.249334,5.583463,-0.6240566,,309.8844,238.3922,356.9088,,339.4254,130.0592,293.9409,,40.55542,,,
-7.768313,4.689566,-1.9401,,6.432878,5.583068,-0.9654605,,310.1425,236.0709,357.6862,,340.8435,130.2779,298.5128,,40.6626,,,
-7.628147,4.395126,-1.569088,,6.524831,5.583466,-1.111235,,311.8481,234.5338,358.5423,,340.989,130.4142,301.4014,,40.76953,,,
-7.468332,3.867869,-1.397086,,6.515027,5.583467,-1.094794,,313.1522,232.8059,2.242618,,340.4041,130.546,302.5608,,40.87646,,,
-7.433567,3.620823,-1.269756,,6.500369,5.583462,-1.070122,,313.478,231.3314,4.731802,,340.1158,130.7779,303.2177,,40.98389,,,
-7.56173,3.296605,-1.159819,,6.500366,5.583466,-1.070119,,314.6671,228.9775,9.262451,,340.1158,130.7779,303.8769,,41.09082,,,
-7.668824,3.15197,-1.012452,,6.495496,5.583467,-1.061884,,315.1131,226.5299,11.8712,,340.1075,130.6814,304.0162,,41.19775,,,
-7.793841,3.043456,-0.8265638,,6.481502,5.582291,-1.070157,,316.331,223.7624,15.11382,,339.8433,130.6759,304.1414,,41.30469,,,
-7.888149,3.053874,-0.8177676,,6.463055,5.580366,-1.092216,,316.7362,223.1539,16.04872,,339.8456,130.6631,304.2422,,41.41187,,,
-7.926603,3.350622,-0.7846432,,6.432862,5.577773,-1.115685,,318.2245,223.33,16.00987,,339.8834,130.5128,304.4485,,41.5188,,,
-7.988397,4.179289,-0.8329229,,6.430406,5.577778,-1.111549,,319.2787,223.9345,15.49579,,339.9567,130.5319,304.4504,,41.62573,,,
-8.052105,5.198352,-0.824872,,6.420832,5.577413,-1.106009,,320.5479,225.0528,14.40194,,339.8685,130.5768,304.468,,41.73291,,,
-7.946405,5.337098,-1.046411,,6.406147,5.577407,-1.081098,,320.0862,226.3555,13.30299,,339.8685,130.7182,304.468,,41.83984,,,
-7.889902,5.055748,-1.090647,,6.403707,5.577413,-1.07694,,319.528,226.4391,13.27551,,339.8724,130.8137,304.4711,,41.94702,,,
-7.704047,4.286262,-1.15584,,6.39903,5.577056,-1.079682,,318.8608,225.1792,15.47585,,339.9304,130.8029,304.4917,,42.05444,,,
-7.56408,3.522759,-1.188364,,6.390185,5.571913,-1.068103,,317.8505,223.5832,18.66955,,339.9304,130.8737,304.5645,,42.16089,,,
-7.553918,3.234723,-1.080847,,6.390191,5.571905,-1.068105,,317.3806,222.0439,20.65432,,339.8573,130.8778,304.8569,,42.26807,,,
-7.647557,3.233786,-0.9735456,,6.390183,5.571918,-1.068121,,317.9265,221.4376,21.41951,,339.8573,130.8779,304.9294,,42.375,,,
-7.643789,3.236796,-0.9643426,,6.390192,5.571911,-1.0681,,318.4516,221.4804,21.40961,,339.7841,130.8822,305.0744,,42.48218,,,
-7.658476,3.234203,-0.9533267,,6.390185,5.57191,-1.068107,,318.6179,221.39,21.59615,,339.638,130.8907,305.145,,42.58911,,,
-7.679356,3.410063,-1.033184,,6.390186,5.571907,-1.068098,,318.5897,221.2139,21.40249,,339.5648,130.8949,305.3635,,42.69604,,,
-7.810316,4.259165,-1.005439,,6.390184,5.571903,-1.068106,,319.6483,221.1375,20.58767,,339.5573,130.7512,305.5032,,42.80322,,,
-7.898094,5.078268,-0.9818163,,6.382881,5.571916,-1.055617,,321.2808,222.1012,18.90979,,339.5574,130.8217,305.5764,,42.9104,,,
-7.846696,4.94594,-1.078486,,6.373177,5.57191,-1.038944,,321.2192,223.252,18.61989,,339.4916,131.0643,305.6544,,43.01733,,,
-7.698462,4.22813,-1.146524,,6.373171,5.571907,-1.038943,,319.7067,223.3765,18.86588,,339.5649,131.0598,305.6567,,43.12427,,,
-7.546917,3.566534,-1.102418,,6.37075,5.571903,-1.034775,,318.2054,222.1932,20.10582,,339.5573,130.9396,305.723,,43.23145,,,
-7.505428,3.384222,-1.049785,,6.363489,5.571902,-1.022267,,318.0267,221.8954,21.33306,,339.4036,130.8751,306.0061,,43.33838,,,
-7.526273,3.286538,-0.9820027,,6.358657,5.571909,-1.013914,,318.4935,221.752,21.7618,,339.4691,130.7741,306.0742,,43.44531,,,
-7.551662,3.330415,-0.9232473,,6.356243,5.571907,-1.009739,,318.8394,221.4721,22.00102,,339.4,130.8738,306.1492,,43.55249,,,
-7.559635,3.340286,-0.9191523,,6.356244,5.571903,-1.009742,,318.91,220.9391,21.91504,,339.3999,130.8737,306.223,,43.65942,,,
-7.572299,3.35071,-0.9256525,,6.35624,5.571908,-1.009742,,319.2829,220.5376,21.97793,,339.4001,130.8737,306.3694,,43.76636,,,
-7.598068,3.42116,-0.9655972,,6.356243,5.571904,-1.009738,,319.4091,220.8053,21.85912,,339.3885,130.658,306.5059,,43.87354,,,
-7.636098,3.681689,-1.041358,,6.36107,5.571904,-1.018088,,320.5429,221.1007,21.57508,,339.3118,130.5433,306.5009,,43.98096,,,
-7.642059,4.205896,-1.111709,,6.358795,5.571551,-1.02498,,321.3206,221.5745,20.52118,,339.2933,130.441,306.5903,,44.08789,,,
-7.596721,5.141294,-1.221669,,6.355639,5.576338,-1.026806,,321.5367,222.3884,18.38382,,339.1509,130.5215,306.5905,,44.19482,,,
-7.485187,6.395407,-1.393236,,6.28994,5.571601,-1.064878,,321.9795,224.1463,15.2481,,339.0793,130.4817,306.8874,,44.30176,,,
-7.268564,7.777713,-1.621477,,6.084354,5.565121,-1.161102,,322.0745,226.2908,11.94279,,338.5407,129.9944,308.1911,,44.40869,,,
-6.932225,9.050608,-1.903959,,5.010861,5.593367,-1.401563,,322.3995,230.1672,6.895864,,336.4352,126.9881,314.1844,,44.51587,,,
-6.421266,10.00532,-2.174378,,3.369725,5.809365,-1.62938,,322.8623,234.0819,2.193887,,335.7341,121.0962,321.2491,,44.6228,,,
-5.707776,10.4341,-2.360806,,2.470544,5.985748,-1.745942,,323.8357,236.3064,358.9835,,336.4539,116.7971,325.2797,,44.72998,,,
-4.857223,10.41348,-2.447505,,2.088301,6.102399,-1.846208,,324.496,240.5998,355.4146,,337.4495,113.725,327.2212,,44.8374,,,
-3.962076,10.06367,-2.468226,,2.051517,6.230147,-1.957538,,324.9025,246.306,350.7061,,337.8452,112.505,327.9491,,44.94434,,,
-3.07898,9.485074,-2.479123,,2.008036,6.399457,-2.109686,,324.9525,250.7039,345.8216,,338.0721,111.3922,329.6858,,45.05127,,,
-2.284133,8.813669,-2.497418,,2.055704,6.536067,-2.352066,,325.2299,255.206,339.1615,,338.2762,109.9937,331.5728,,45.1582,,,
-1.700824,8.171691,-2.507689,,2.33382,6.530988,-2.88876,,325.944,260.5582,330.6265,,337.8169,109.8328,332.938,,45.26538,,,
-1.66807,8.087734,-2.453385,,2.571074,6.47057,-3.319432,,327.2702,267.2533,323.6222,,337.3477,110.2546,334.2702,,45.37231,,,
-1.579334,7.986931,-2.351654,,2.629075,6.397237,-3.493941,,330.3451,275.8376,312.2254,,337.8553,111.4274,335.6399,,45.47949,,,
-1.428352,7.749987,-2.345699,,2.372329,6.404409,-3.257265,,334.4533,279.1512,298.6685,,338.7416,112.8441,336.3743,,45.58643,,,
-1.258933,7.565517,-2.268556,,2.206954,6.421586,-3.080728,,333.7382,279.7115,297.6035,,338.6294,113.3256,336.7605,,45.69336,,,
-1.120432,7.270934,-2.275302,,2.036323,6.446047,-2.977056,,332.5046,278.1931,296.9878,,338.3904,112.391,337.4897,,45.80054,,,
-1.109404,7.046886,-2.252859,,2.030275,6.290403,-3.066653,,333.5863,280.9786,295.9282,,338.851,111.0588,337.9355,,45.90747,,,
-1.110509,6.948964,-2.234406,,1.918122,6.546947,-3.205768,,334.5297,282.4113,294.2399,,338.9418,110.6708,338.3525,,46.01465,,,
-1.075109,6.891597,-2.195305,,1.803741,6.489195,-3.014228,,336.5758,286.1625,289.2942,,339.2069,110.61,338.7149,,46.12183,,,
-1.062723,6.878457,-2.186749,,1.75718,6.54701,-2.930219,,337.1716,286.9136,287.996,,339.982,110.5475,338.7919,,46.22876,,,
-1.060288,6.875872,-2.184066,,1.733891,6.552154,-2.91921,,337.3369,287.0261,287.795,,340.3318,110.6428,338.8294,,46.33569,,,
-1.06063,6.876401,-2.182364,,1.737091,6.552154,-2.92529,,337.431,286.9366,287.9734,,340.3317,110.6193,338.8293,,46.44263,,,
-1.060794,6.876694,-2.18109,,1.755327,6.574262,-2.954511,,337.5034,286.8773,288.0836,,340.0784,111.0449,338.7297,,46.5498,,,
-1.060223,6.875992,-2.180088,,1.803708,6.715142,-3.029824,,337.5639,286.8891,288.0591,,340.0846,111.9727,338.4529,,46.65674,,,
-1.060746,6.876721,-2.17825,,1.910652,7.026268,-3.198111,,337.6691,286.782,288.2472,,340.2787,112.8005,337.1829,,46.76392,,,
-1.060307,6.876105,-2.17731,,2.062458,7.166723,-3.348466,,337.7242,286.785,288.2353,,340.8455,113.2511,336.0989,,46.87134,,,
-1.058048,6.872888,-2.17588,,2.109611,7.08198,-3.337357,,337.8173,286.9185,287.9869,,341.2486,114.0942,334.9309,,46.97852,,,
-1.058007,6.871747,-2.173569,,2.129155,6.944399,-3.145781,,337.9373,286.8625,288.0728,,340.9359,114.5366,334.0886,,47.08545,,,
-1.055549,6.859392,-2.167529,,2.082923,7.126261,-2.992867,,338.1402,287.0446,287.7485,,341.1363,115.0896,332.6828,,47.19238,,,
-1.148347,6.795619,-2.297511,,1.897566,6.846678,-2.528795,,339.2143,287.5101,281.866,,342.2008,116.3399,330.3571,,47.2998,,,
-1.096107,6.695955,-2.280807,,1.89878,6.835078,-2.528664,,339.1028,287.7837,281.7454,,342.2506,116.202,329.6926,,47.40649,,,
-1.114091,6.724381,-2.304022,,1.930583,6.802834,-2.549215,,339.0569,287.7151,281.4486,,341.9195,116.4249,329.3934,,47.51367,,,
-1.145175,6.728828,-2.33154,,1.912856,6.875395,-2.603259,,339.0314,287.7609,281.5172,,341.4872,116.4054,329.2025,,47.62085,,,
-1.175812,6.790492,-2.343261,,1.940066,7.016016,-2.750612,,339.0425,287.7874,281.5593,,341.8408,116.2911,328.8716,,47.72778,,,
-1.180107,6.748839,-2.340037,,1.972315,7.272154,-2.993452,,338.9221,287.8076,281.2915,,342.3777,116.2798,328.5397,,47.83472,,,
-1.207713,6.718661,-2.336051,,2.113037,7.417591,-3.226045,,339.0023,287.8881,281.1158,,342.551,116.7377,327.6272,,47.94165,,,
-1.234941,6.685757,-2.327705,,2.169902,7.34807,-3.389158,,338.9854,287.9404,281.1378,,342.4113,116.0789,327.7881,,48.04883,,,
-1.244063,6.674109,-2.319333,,2.07601,7.326387,-3.231196,,338.8582,288.1632,281.0494,,341.9494,116.2231,328.9623,,48.15576,,,
-1.229939,6.689531,-2.317186,,1.928991,7.16209,-2.939476,,338.8451,288.128,281.0858,,341.9869,116.2503,329.2059,,48.26294,,,
-1.216036,6.686165,-2.299474,,1.891112,7.116753,-2.837395,,338.8667,288.1772,281.14,,342.1925,116.2173,329.2173,,48.36987,,,
-1.237433,6.657609,-2.230908,,1.866277,7.09766,-2.758206,,338.8489,288.2998,280.8838,,342.2095,115.9015,329.2818,,48.47681,,,
-1.272849,6.622385,-2.144621,,1.833485,7.059944,-2.653806,,338.7594,288.2245,280.9914,,342.3521,115.5237,329.3065,,48.58398,,,
-1.285185,6.600853,-2.134521,,1.827925,7.039073,-2.639913,,338.6692,288.0704,281.072,,342.3167,115.7975,329.2626,,48.69141,,,
-1.277356,6.62642,-2.203391,,1.828816,7.06705,-2.714194,,338.6669,288.0999,281.0136,,342.5361,116.0719,328.8556,,48.7981,,,
-1.250916,6.700202,-2.30781,,1.841711,7.16008,-2.823829,,338.7165,288.2256,280.8501,,342.8646,116.3695,327.5692,,48.90527,,,
-1.214534,6.80387,-2.406451,,1.858416,7.293708,-2.935542,,338.7824,288.5865,280.6839,,342.9584,116.901,325.953,,49.01245,,,
-1.167402,6.908052,-2.515408,,1.862523,7.453729,-3.054273,,338.9438,288.7656,280.5309,,343.5882,117.735,322.4031,,49.11938,,,
-1.161003,6.899407,-2.629613,,1.863322,7.815215,-3.113605,,337.1174,288.0512,279.8915,,345.0527,117.644,316.6571,,49.22632,,,
-1.343066,6.841833,-2.539434,,2.025342,8.221634,-3.31143,,332.8593,284.7997,286.0074,,345.2601,113.9972,300.9547,,49.33325,,,
-1.416606,6.817943,-2.557167,,2.348514,8.566945,-3.680827,,330.2556,281.5201,293.8048,,344.9431,119.2634,290.5515,,49.44043,,,
-1.828271,6.7957,-2.748147,,2.94167,9.100726,-4.324368,,325.3468,275.7038,306.157,,342.9886,119.7093,278.833,,49.54736,,,
-2.520488,6.828698,-2.955602,,3.707032,9.703116,-4.994416,,321.7707,270.1808,316.3096,,340.1652,119.9514,272.0916,,49.6543,,,
-3.215926,6.650391,-3.001772,,4.474601,10.1266,-5.52504,,319.0034,264.1265,325.4823,,337.5089,122.4055,266.4617,,49.76147,,,
-3.543446,6.5202,-2.923176,,5.160327,10.20613,-5.79797,,318.0952,261.8602,329.4683,,336.5157,126.0329,261.8671,,49.86841,,,
-3.687628,6.477948,-2.986994,,5.687943,9.880123,-5.613704,,317.504,260.9441,331.5446,,337.3511,128.6567,257.6003,,49.97559,,,
-3.905032,6.450026,-3.30915,,6.028477,9.21526,-4.934307,,316.0912,259.659,335.7212,,338.6266,130.5305,254.5657,,50.08276,,,
-4.654058,6.278613,-3.802407,,6.225404,8.460042,-4.079413,,314.1255,256.4645,341.426,,340.2028,131.2384,251.354,,50.18994,,,
-5.75216,6.03979,-4.156918,,6.354373,7.73334,-3.399024,,312.7006,253.1005,347.4798,,343.3908,130.7558,245.8773,,50.29663,,,
-6.291533,5.956438,-4.446393,,6.624654,7.106238,-2.922439,,312.2247,253.0254,348.942,,345.0156,129.9735,242.8131,,50.40381,,,
-6.784173,5.905082,-4.875897,,6.995173,6.669109,-2.720867,,311.5748,252.7722,348.8421,,345.9529,129.7602,238.8784,,50.51074,,,
-7.076106,5.860516,-4.926858,,7.436312,6.494542,-2.753059,,311.632,251.9681,348.8284,,346.851,130.8793,237.6097,,50.61768,,,
-7.286367,5.825812,-4.896565,,7.800842,6.462388,-2.825794,,311.7172,251.7672,347.7447,,347.5079,131.864,236.5404,,50.72485,,,
-7.278346,5.820857,-4.887498,,7.967235,6.418369,-2.790798,,311.6724,251.9647,346.695,,348.9894,131.8739,235.5296,,50.83179,,,
-7.285296,5.818442,-4.868715,,7.995842,6.338348,-2.573154,,311.76,252.4409,345.5275,,348.9937,131.9955,235.8946,,50.93896,,,
-7.296962,5.804738,-4.853723,,8.079817,6.333042,-2.487313,,311.7263,252.4844,345.058,,348.965,131.8183,237.0057,,51.0459,,,
-7.338088,5.798432,-4.847999,,8.110348,6.282524,-2.350541,,311.7069,252.5453,345.2041,,348.483,131.5547,237.117,,51.15283,,,
-7.397347,5.778499,-4.837049,,8.153364,6.244815,-2.20244,,311.7751,252.5336,345.321,,347.1104,130.9973,237.7486,,51.25977,,,
-7.415754,5.770669,-4.838901,,8.207355,6.367655,-2.182013,,311.8042,252.5535,345.1622,,346.4442,131.3505,238.5592,,51.36694,,,
-7.407796,5.765716,-4.829928,,8.225573,6.63776,-2.37056,,311.8845,252.5635,345.1725,,346.4872,131.3442,238.7477,,51.47388,,,
-7.426455,5.763764,-4.838767,,8.176833,6.920103,-2.630753,,311.8145,252.5263,345.1571,,346.1034,131.4568,239.2448,,51.5813,,,
-7.437919,5.75822,-4.859312,,8.016527,7.02029,-2.821281,,311.8782,252.5279,345.2463,,345.7227,131.1296,239.5875,,51.68799,,,
-7.429941,5.753247,-4.850356,,7.782528,6.860405,-2.861446,,311.7894,252.349,345.1654,,345.348,131.1452,239.8947,,51.79541,,,
-7.429936,5.753245,-4.850355,,7.538806,6.5102,-2.739975,,311.7894,252.349,345.1654,,345.0677,131.1037,240.0485,,51.90234,,,
-7.439664,5.752964,-4.865108,,7.308694,6.191224,-2.564814,,311.7814,252.3446,345.2416,,345.494,130.8296,239.6541,,52.00903,,,
-7.452663,5.752532,-4.884745,,7.150282,5.836395,-2.402206,,311.7733,252.3404,345.2445,,345.0139,130.5512,238.8749,,52.11646,,,
-7.486485,5.75082,-4.925861,,7.080468,5.59249,-2.451993,,311.69,252.4185,345.2711,,344.3624,130.6044,236.1653,,52.22314,,,
-7.512711,5.749989,-4.964961,,6.955692,5.265516,-2.480417,,311.5769,252.2502,345.3457,,343.432,131.1701,233.7171,,52.33032,,,
-7.510404,5.718797,-4.980042,,6.923512,5.156215,-2.4771,,311.2458,251.2997,345.9348,,341.6205,129.3857,236.9263,,52.43726,,,
-7.696172,5.279363,-4.81055,,6.975682,5.761738,-2.518326,,311.4511,248.5764,348.2588,,340.0204,129.132,247.4178,,52.54419,,,
-7.765123,4.984563,-4.675296,,7.069047,6.875962,-2.213103,,311.2654,245.8949,349.3561,,340.8052,130.266,258.4087,,52.65137,,,
-7.784652,4.802927,-4.501848,,7.038346,7.629692,-2.145298,,311.3188,243.8757,350.4343,,343.1689,130.9174,273.662,,52.7583,,,
-7.797054,4.551314,-4.260963,,7.013853,7.610851,-2.175492,,311.6487,242.6886,351.7482,,344.3967,131.8823,281.5743,,52.86548,,,
-7.841205,4.080561,-4.105597,,6.990615,7.611621,-2.253502,,312.0106,241.0266,353.2614,,344.1794,132.915,287.9113,,52.97241,,,
-7.78102,3.700817,-4.135657,,6.9646,7.61232,-2.291322,,311.6997,239.9073,353.0795,,343.6704,133.0985,290.3813,,53.07935,,,
-7.810857,3.440314,-4.118159,,6.944952,7.617582,-2.306008,,311.118,237.1979,355.4604,,343.1445,132.996,291.4171,,53.18652,,,
-7.834058,3.314393,-4.072976,,6.942004,7.617578,-2.302074,,311.2758,234.8129,357.5013,,342.7061,132.9398,292.006,,53.29346,,,
-7.856391,3.283303,-3.976522,,6.94496,7.617581,-2.306005,,311.397,232.9045,359.1355,,342.9258,132.9193,292.3716,,53.40088,,,
-7.859475,3.283379,-3.967778,,6.948062,7.617804,-2.328279,,311.6148,231.927,359.6254,,343.0405,132.597,292.7729,,53.50781,,,
-7.859461,3.27056,-3.990858,,6.938202,7.618378,-2.360339,,312.0804,231.1835,359.743,,343.0279,132.4301,293.0753,,53.61597,,,
-7.870535,3.28696,-4.010036,,6.950979,7.613617,-2.381588,,312.4169,230.59,359.4341,,343.1011,132.2897,293.2956,,53.7229,,,
-7.911574,3.450323,-4.016862,,6.952604,7.613739,-2.392739,,313.0734,230.4943,359.243,,343.157,132.2391,293.5306,,53.82983,,,
-7.960854,3.903778,-4.062136,,6.948277,7.613861,-2.396003,,313.9429,230.041,359.5099,,343.0653,132.3068,293.7657,,53.93701,,,
-7.975529,4.6699,-4.152022,,6.95126,7.61386,-2.399933,,315.3497,231.1002,358.9025,,343.0662,132.2097,294.0601,,54.04395,,,
-7.876748,5.731627,-4.273475,,6.935291,7.614244,-2.405863,,316.3068,231.4598,358.3293,,343.0876,132.2202,294.182,,54.15088,,,
-7.622804,6.916814,-4.423265,,6.65761,7.608858,-2.483301,,317.3153,233.2886,356.0943,,342.2697,132.6334,296.4857,,54.25806,,,
-7.178852,8.08047,-4.570591,,6.089232,7.501372,-2.572027,,317.6224,237.377,352.3187,,341.1794,131.7112,299.7547,,54.36499,,,
-6.564292,8.979912,-4.668317,,4.830994,7.42758,-2.723827,,318.2136,241.6523,348.2092,,339.6616,128.4462,304.7036,,54.47217,,,
-5.777357,9.529562,-4.655573,,4.185906,7.407621,-2.836254,,318.8828,244.5858,344.7241,,339.6042,126.2968,307.39,,54.57935,,,
-4.827841,9.681875,-4.486638,,3.965604,7.361956,-2.902286,,320.091,249.1143,339.6242,,339.5938,122.9749,311.5088,,54.68628,,,
-3.817544,9.554748,-4.209078,,3.7801,7.413845,-3.045984,,321.5021,254.6648,336.0213,,338.8553,121.9784,315.7926,,54.79321,,,
-2.864661,9.182581,-3.94388,,3.452973,7.509155,-3.249056,,322.3158,258.3414,332.7307,,338.9178,119.2849,319.8256,,54.90015,,,
-2.003447,8.655634,-3.766634,,3.217423,7.574237,-3.395277,,323.7782,263.7001,327.1979,,339.9695,117.3492,323.225,,55.00732,,,
-1.347025,8.04974,-3.656455,,3.196355,7.58744,-3.484415,,326.6914,272.5682,314.7824,,340.1245,116.787,324.3147,,55.11426,,,
-0.9084291,7.485218,-3.624573,,3.244197,7.599674,-3.6379,,330.1605,279.1328,304.158,,340.377,116.044,324.8611,,55.22144,,,
-0.6884842,6.988199,-3.656308,,3.326687,7.594781,-3.769725,,333.0521,283.3904,295.1976,,340.5999,116.3844,324.7086,,55.32837,,,
-0.6718206,6.597635,-3.675332,,3.18146,7.215465,-3.872578,,335.3763,287.3446,287.8885,,340.1361,116.7047,324.6058,,55.43579,,,
-0.756196,6.33762,-3.632374,,2.887403,6.795538,-3.890092,,337.8574,290.857,280.4521,,339.1914,117.2935,323.515,,55.54248,,,
-0.8196521,6.229948,-3.554527,,2.748887,6.628793,-3.796306,,339.3668,290.5893,277.3072,,338.9344,117.0473,322.7028,,55.64941,,,
-0.8068233,6.233665,-3.458306,,2.624986,6.552711,-3.652706,,340.7054,292.2136,274.8336,,338.7451,117.2553,322.3448,,55.75659,,,
-0.7174358,6.313434,-3.387921,,2.550194,6.412058,-3.590513,,341.1715,292.5179,273.3456,,338.66,117.3456,322.2445,,55.86377,,,
-0.6974211,6.319599,-3.353562,,2.602403,6.446408,-3.547084,,341.4186,292.6435,272.9099,,338.467,117.4425,322.2857,,55.97095,,,
-0.733314,6.277729,-3.299938,,2.569255,6.411375,-3.491805,,341.4474,292.5329,272.9604,,338.229,117.3705,322.2602,,56.07764,,,
-0.8029456,6.22866,-3.261902,,2.502504,6.352131,-3.458604,,341.2668,292.5255,273.2184,,338.0144,117.2099,322.3878,,56.18481,,,
-0.8512115,6.210704,-3.283514,,2.458544,6.315671,-3.472504,,341.1688,292.5279,273.3362,,338.5895,116.3363,322.3032,,56.29175,,,
-0.8471785,6.253367,-3.318746,,2.444589,6.358479,-3.541134,,341.1412,292.4768,273.2576,,338.5055,116.829,322.5862,,56.39868,,,
-0.8443947,6.308242,-3.320235,,2.44706,6.410311,-3.529172,,341.1558,292.5643,273.2685,,338.8735,116.2409,322.5222,,56.50562,,,
-0.7774401,6.346421,-3.355793,,2.512177,6.459849,-3.569918,,341.1439,292.4948,273.0993,,339.1423,116.7059,321.833,,56.61279,,,
-0.7084484,6.384183,-3.428629,,2.577913,6.519677,-3.652045,,341.1814,292.687,272.8833,,339.3356,117.1636,320.8462,,56.7229,,,
-0.6350055,6.438467,-3.54623,,2.642305,6.610308,-3.779195,,341.0959,292.7099,272.8559,,339.8356,118.0429,318.797,,56.82959,,,
-0.5685062,6.518248,-3.682809,,2.809771,7.027593,-4.172112,,340.8804,292.5247,272.5277,,340.6365,119.4088,315.6468,,56.93091,,,
-0.6368079,6.505524,-3.496667,,2.876383,7.160632,-4.274292,,338.4322,289.7377,273.9273,,341.632,119.7025,312.2491,,57.0354,,,
-0.5921841,6.463302,-3.522709,,3.035909,7.596862,-4.473845,,336.4436,289.2087,277.5038,,343.4667,120.4751,302.5925,,57.14233,,,
-0.5774627,6.44076,-3.673378,,3.164696,8.140205,-4.695549,,333.6562,287.835,282.8937,,345.6451,122.5861,288.9253,,57.24927,,,
-0.7743149,6.423319,-3.54486,,3.23404,8.425834,-4.964072,,331.8727,286.31,285.6985,,346.5938,122.02,273.5053,,57.35645,,,
-0.8203425,6.394395,-3.536948,,3.364788,8.630342,-5.225278,,331.6734,286.5757,286.3859,,346.0462,122.3036,259.7313,,57.46313,,,
-0.8285704,6.396758,-3.542669,,3.607908,8.658677,-5.443693,,331.4159,286.6201,286.5151,,343.8319,123.4851,253.62,,57.57031,,,
-0.8312616,6.396678,-3.550296,,3.803082,8.494238,-5.47121,,330.9046,286.2071,286.8468,,342.9492,123.5757,248.5972,,57.67725,,,
-0.8356018,6.393814,-3.548738,,3.888506,8.168081,-5.239079,,330.8601,286.2943,286.9432,,343.9666,122.771,244.1257,,57.78418,,,
-0.8356056,6.393819,-3.548743,,3.884643,7.698092,-4.851177,,330.8878,286.4966,286.919,,344.8322,123.5662,238.0733,,57.89136,,,
-0.8356085,6.393817,-3.548738,,3.91971,7.239428,-4.481913,,331.0041,286.8539,287.114,,345.5754,124.5355,233.5397,,57.99829,,,
-0.8611188,6.382159,-3.565368,,4.0224,7.025001,-4.211175,,331.0094,286.9867,287.2484,,345.5742,123.5037,228.541,,58.10547,,,
-0.8686175,6.37112,-3.562598,,4.166795,7.160008,-4.184515,,331.0114,287.0178,287.3896,,345.5751,122.2539,223.5611,,58.2124,,,
-0.8773007,6.365396,-3.559449,,4.36481,7.51197,-4.379897,,331.0108,287.1985,287.4094,,344.9716,123.0011,221.658,,58.31934,,,
-0.8773146,6.365412,-3.559457,,4.509684,7.767691,-4.606055,,331.1017,287.2051,287.4558,,345.0457,123.6928,221.1686,,58.42651,,,
-0.8816605,6.362551,-3.557885,,4.554105,7.724158,-4.683405,,331.1172,287.2468,287.5749,,344.8813,124.4749,221.052,,58.53345,,,
-0.8816509,6.362543,-3.557878,,4.485303,7.402892,-4.598067,,331.0556,287.2916,287.48,,345.7919,124.4096,220.622,,58.64063,,,
-0.8816586,6.362549,-3.557884,,4.380377,6.883828,-4.369934,,331.0265,287.2398,287.4554,,345.0659,124.6385,220.154,,58.74756,,,
-0.8843603,6.362472,-3.565498,,4.325359,6.298846,-4.126032,,331.0555,287.3154,287.5531,,344.7641,124.9625,219.246,,58.85449,,,
-0.8952408,6.362209,-3.595952,,4.324827,5.676084,-3.980242,,331.0559,287.4099,287.5524,,344.6749,124.8723,218.4175,,58.96167,,,
-0.8952599,6.362223,-3.595953,,4.289027,5.14352,-4.021304,,331.0559,287.4095,287.5528,,344.5937,123.7487,218.1729,,59.06885,,,
-0.8979597,6.362136,-3.60356,,4.246728,4.611184,-4.096568,,331.085,287.4853,287.5771,,344.7841,123.4382,218.0484,,59.17578,,,
-0.8979588,6.362141,-3.603557,,4.200241,4.06,-4.17886,,331.085,287.4854,287.6501,,344.7134,123.5296,218.0048,,59.28296,,,
-0.8979588,6.362138,-3.603561,,4.196548,3.895367,-4.196475,,331.1143,287.5371,287.6744,,344.4285,123.3659,217.9757,,59.38965,,,
-0.895237,6.362205,-3.595948,,3.888799,3.711719,-4.132792,,331.1435,287.5656,287.6988,,343.8885,123.8959,218.3508,,59.49683,,,
-0.9023113,6.359289,-3.601985,,3.51909,4.235757,-4.307841,,331.1006,287.5269,287.6961,,343.0032,122.9567,225.3905,,59.60376,,,
-0.9023085,6.359284,-3.60198,,3.159165,5.050755,-4.430788,,331.1035,287.3773,287.6701,,342.4916,122.8509,232.515,,59.71094,,,
-0.9077663,6.359146,-3.61719,,3.281987,6.639441,-4.321141,,330.3944,286.323,288.5887,,340.9839,124.0241,250.5314,,59.81787,,,
-0.9121113,6.356291,-3.615601,,4.200263,7.259914,-4.227654,,329.0294,283.9633,292.0449,,332.7007,125.4467,273.5475,,59.9248,,,
-0.9524508,6.336023,-3.600926,,5.937984,7.900886,-4.04655,,326.2173,280.4802,298.9159,,329.0322,126.7589,290.244,,60.03247,,,
-0.9611464,6.311269,-3.469403,,7.62926,7.687311,-4.86745,,321.0246,272.6652,315.2329,,329.0484,128.9296,305.2963,,60.13892,,,
-0.9701061,6.374975,-3.449777,,7.700706,7.667671,-4.877285,,317.914,265.1093,331.6927,,330.0799,133.071,308.6421,,60.24609,,,
-1.759953,7.080741,-3.482039,,7.735227,7.770058,-4.863223,,316.7385,251.5063,358.692,,330.0374,134.0596,308.7164,,60.35303,,,
-3.183722,7.821956,-3.870573,,7.73617,7.911493,-4.926701,,318.0352,242.4511,11.77265,,330.669,135.1113,306.6357,,60.45996,,,
-5.69304,8.056419,-4.689394,,8.339495,8.170082,-5.077729,,323.8095,229.9052,26.88909,,332.4831,136.7418,305.6175,,60.56714,,,
-7.751703,7.414521,-5.244499,,8.242323,7.963597,-4.594393,,328.2751,219.9253,36.67281,,335.1497,142.5147,304.9554,,60.67407,,,
-9.308296,6.84877,-5.187292,,8.174945,7.752977,-3.282997,,331.7169,213.2036,41.99683,,338.5876,145.9588,303.1758,,60.78125,,,
-10.8019,5.880492,-4.461918,,9.155186,6.774054,-1.306363,,332.1007,204.9774,47.07744,,341.2937,151.2182,297.8248,,60.88843,,,
-11.14908,5.696737,-4.142018,,9.576951,5.938697,-0.05578995,,329.9076,201.0957,48.16714,,336.1219,157.4319,296.727,,60.99536,,,
-11.36773,5.748222,-3.878175,,9.665283,5.648908,0.6734376,,329.3944,197.2877,50.03069,,335.6387,179.9952,306.6814,,61.09766,,,
-11.59394,5.779269,-3.701083,,9.665277,5.648912,0.6734414,,330.5075,195.9427,51.05938,,335.639,179.9952,303.7514,,61.20435,,,
-11.76911,5.810666,-3.6002,,9.665276,5.648909,0.6734395,,331.3706,194.0578,52.39329,,335.6388,179.9949,305.4364,,61.31128,,,
-11.81911,5.822792,-3.551613,,9.665278,5.64892,0.67344,,331.7456,192.7252,52.78864,,335.6389,179.9956,301.8468,,61.4187,,,
-11.95543,5.798349,-3.744882,,9.665257,5.648915,0.6734405,,333.4297,193.6271,52.89105,,335.6389,179.9392,302.6968,,61.52588,,,
-12.19873,5.757705,-4.09647,,9.665266,5.648913,0.6734376,,334.6516,193.4532,53.11287,,335.7122,179.9387,304.6013,,61.63281,,,
-12.34412,5.742332,-4.245077,,9.66526,5.64892,0.6734371,,335.0879,191.114,53.39868,,335.7855,179.9952,304.9234,,61.73975,,,
-12.22683,5.737017,-4.091315,,9.665272,5.648917,0.6734385,,334.733,188.0106,52.61199,,335.7853,179.9957,304.9232,,61.84692,,,
-11.92644,6.179429,-3.760436,,9.665258,5.64891,0.6734405,,333.4844,186.6978,52.90927,,335.7119,179.9951,304.9234,,61.95386,,,
-12.22974,6.59922,-3.661647,,9.665262,5.648917,0.6734366,,335.0549,189.9143,52.02386,,335.5658,179.9953,304.9966,,62.06104,,,
-12.46777,6.817769,-3.620187,,9.665279,5.648917,0.6734395,,335.1284,189.3053,50.91756,,335.6392,179.9954,304.9969,,62.16797,,,
-12.89816,6.681021,-2.815627,,9.665275,5.648912,0.6734385,,337.4787,188.435,50.10423,,335.6392,179.9953,304.997,,62.2749,,,
-13.23113,6.223002,-2.095751,,9.665279,5.648917,0.67344,,336.3464,187.8855,51.27079,,335.6392,179.9954,304.9969,,62.38208,,,
-13.0878,6.090083,-1.915201,,9.665281,5.648912,0.6734376,,335.6387,179.8265,48.55122,,335.9319,179.9953,304.9968,,62.48877,,,
-13.08777,6.090098,-1.915211,,9.665279,5.648917,0.6734395,,335.7122,179.9952,54.27841,,335.6392,179.9954,304.9969,,62.59448,,,
-13.08779,6.090089,-1.915208,,9.665279,5.648917,0.6734395,,335.8586,179.9387,56.66656,,335.6392,179.9954,304.9969,,62.70142,,,
-13.0878,6.090077,-1.915204,,9.665279,5.648916,0.6734395,,335.6389,179.9952,62.26205,,335.6392,179.9954,304.9969,,62.80859,,,
-13.08778,6.090093,-1.915208,,9.665279,5.648917,0.6734395,,335.8586,179.9952,60.79724,,335.6392,179.9954,304.9969,,62.91553,,,
-13.08777,6.090096,-1.915212,,9.665279,5.648917,0.6734395,,335.5656,180.0514,59.21491,,335.6392,179.9954,304.9969,,63.02271,,,
-13.08779,6.090093,-1.915209,,9.665287,5.648911,0.6734405,,335.6388,179.995,59.11276,,335.6389,179.9393,304.9672,,63.12964,,,
-13.0878,6.090082,-1.915201,,9.665287,5.648911,0.6734405,,335.7122,179.9952,59.11249,,335.6389,179.9393,304.9673,,63.23682,,,
-13.08779,6.090087,-1.915205,,9.665275,5.648919,0.6734381,,335.6389,180.0514,59.06841,,335.6391,179.9951,304.9971,,63.34375,,,

