-12.78632,0.6964426,-2.231318,,11.97104,5.487272,-2.36502,,335.5657,179.939,35.57178,,335.7122,179.9952,294.2296,,0.03771973,,,
-12.78632,0.6964483,-2.231318,,11.97104,5.487272,-2.36502,,335.6388,179.9388,35.64518,,335.7122,179.9953,294.2295,,0.1447754,,,
-12.78632,0.6964417,-2.231319,,11.97105,5.487271,-2.36502,,335.5656,179.9391,35.64493,,335.7122,179.9953,294.2296,,0.2501221,,,
-12.78632,0.6964407,-2.231318,,11.97104,5.487285,-2.36502,,335.6387,179.9388,35.64513,,335.712,179.9954,294.1563,,0.3500977,,,
-12.78632,0.6964407,-2.231319,,11.97104,5.487272,-2.36502,,335.5656,179.9951,35.60103,,335.7122,179.9952,294.2296,,0.4575195,,,
-12.78632,0.6964417,-2.231319,,11.97104,5.487272,-2.36502,,335.6387,179.9388,35.6452,,335.7122,179.9953,294.2295,,0.559082,,,
-12.78632,0.6964407,-2.231318,,11.97104,5.487272,-2.36502,,335.6387,179.9389,35.64512,,335.7122,179.9952,294.2296,,0.6673584,,,
-12.78632,0.6964407,-2.231319,,11.97104,5.487272,-2.36502,,335.5656,179.9951,35.60104,,335.7122,179.9952,294.2296,,0.7762451,,,
-12.78632,0.6964407,-2.231318,,11.97105,5.487282,-2.365019,,335.7119,179.8825,35.68919,,335.6389,179.9955,294.2292,,0.8781738,,,
-12.78632,0.6964397,-2.23132,,11.97105,5.487286,-2.36502,,335.6391,179.9954,40.43494,,335.6388,179.939,294.2004,,0.979126,,,
-12.34193,2.109561,-2.979461,,11.97105,5.487282,-2.365019,,326.7222,183.3741,35.35067,,335.6389,180.1077,273.3396,,1.084106,,,
-11.84943,4.421606,-3.566755,,11.61477,5.707337,-2.73806,,322.2264,189.1635,23.26262,,332.4709,179.7994,264.9998,,1.191772,,,
-10.53021,5.034246,-4.512109,,8.747885,7.037233,-5.575579,,322.6539,196.6096,14.52151,,316.3668,172.4984,277.7185,,1.29248,,,
-7.873557,4.053433,-4.914401,,6.3245,8.04442,-7.969589,,326.8088,202.815,3.550427,,320.9308,148.3055,293.8846,,1.402344,,,
-5.025,1.931369,-3.914477,,6.87006,6.625181,-6.343864,,333.6619,210.1496,358.1561,,337.5322,141.9657,312.8086,,1.502808,,,
-4.595518,0.9302807,-3.326149,,5.772141,5.275546,-5.892644,,334.1836,214.8832,359.4232,,336.6003,135.2005,331.9139,,1.614624,,,
-4.3261,0.7658005,-2.743389,,4.228096,4.183464,-4.838642,,333.0357,217.8606,357.9726,,329.4684,127.0968,344.4426,,1.717651,,,
-4.042933,0.68962,-2.480522,,3.624588,3.599107,-3.767454,,331.7451,220.0492,353.6031,,328.7537,123.6767,353.487,,1.828003,,,
-4.20661,0.7523203,-2.746154,,4.082502,3.37424,-3.826518,,333.8802,222.5693,352.9856,,328.7182,117.3443,356.1819,,1.929321,,,
-4.557763,0.9589663,-3.221708,,4.117863,3.38447,-3.877827,,333.7381,224.3485,351.9561,,327.1124,115.9795,3.116998,,2.037231,,,
-4.822828,1.202706,-3.210572,,4.029157,3.271876,-3.736975,,333.2793,221.2231,348.406,,326.4396,114.8313,8.585956,,2.150269,,,
-5.334198,1.39374,-2.646789,,3.97523,3.161781,-3.669774,,335.8444,217.5228,350.6015,,326.1364,113.351,9.635929,,2.257935,,,
-5.709061,0.9199648,-1.744693,,3.931131,3.12136,-3.632901,,338.9492,213.1859,354.0379,,325.9059,113.1235,9.807213,,2.368896,,,
-5.725176,0.7725744,-1.34866,,3.878761,3.111872,-3.654157,,339.4787,213.2211,355.1122,,325.884,112.5931,10.1298,,2.470093,,,
-5.743204,0.7298861,-1.041254,,3.859937,3.106293,-3.643104,,339.7756,212.543,355.6817,,325.991,112.4323,10.61724,,2.578735,,,
-5.775527,0.5072346,-0.7104702,,3.766797,3.091559,-3.485636,,340.9129,212.6037,359.4095,,328.1406,114.0571,13.74675,,2.67981,,,
-5.859662,0.7636375,-0.7232618,,3.749617,3.079334,-3.467089,,341.2756,212.7451,1.21175,,328.6918,113.9413,14.74044,,2.78186,,,
-6.060226,0.7771387,-0.7458696,,3.733048,3.049726,-3.442818,,341.8359,211.8105,1.781194,,329.0285,113.8595,15.29434,,2.885742,,,
-6.262156,0.7402945,-0.6975775,,3.732106,3.038997,-3.444355,,342.5147,211.0332,1.815452,,329.0409,113.787,15.58795,,2.996216,,,
-6.284963,0.664712,-0.6595511,,3.727875,3.022338,-3.441018,,342.5887,210.7318,0.8420254,,329.0532,113.738,15.95474,,3.097534,,,
-6.274134,0.7777405,-0.6174154,,3.72084,3.005126,-3.432035,,342.6671,210.5322,1.016456,,329.0409,113.8578,16.02733,,3.207275,,,
-6.26757,0.757781,-0.4846339,,3.714284,2.993277,-3.422278,,342.6648,211.0715,1.127018,,328.9196,114.1782,16.03347,,3.318481,,,
-6.203948,0.7080917,-0.4219885,,3.710557,2.98198,-3.418151,,342.5555,211.2627,1.02185,,328.7735,114.6203,16.03794,,3.420654,,,
-6.155442,0.5806475,-0.3594913,,3.70077,2.964202,-3.40348,,342.5094,211.5536,1.21788,,328.6176,114.7301,16.05452,,3.528931,,,
-6.187943,0.7078409,-0.35358,,3.69471,2.957719,-3.392936,,342.6126,211.5301,1.425782,,328.5456,114.7605,16.13657,,3.630737,,,
-6.257222,0.7021894,-0.3722882,,3.688216,2.945867,-3.383136,,342.6574,211.3767,1.395816,,328.5729,114.2103,16.15085,,3.741821,,,
-6.293838,0.7073469,-0.4173985,,3.684536,2.934564,-3.378973,,342.7077,211.6349,1.225688,,328.6124,113.5648,16.16441,,3.84375,,,
-6.305011,0.8680124,-0.5181718,,3.68734,2.935121,-3.384626,,342.531,212.2094,0.6176619,,328.6496,113.3241,16.16557,,3.954468,,,
-6.157018,1.587033,-0.8664484,,3.697907,3.01602,-3.456686,,342.4242,214.0415,357.063,,328.3461,112.9597,16.51166,,4.069824,,,
-6.075802,1.85595,-0.9511056,,3.590544,3.381707,-3.734309,,343.7542,214.681,356.029,,328.6814,111.5252,18.90425,,4.171875,,,
-5.240377,2.356873,-1.284492,,3.261298,3.979155,-4.244019,,343.1476,219.3239,351.6846,,330.7405,108.947,22.57205,,4.282471,,,
-4.439889,2.613065,-1.624947,,2.455184,4.206698,-4.598997,,343.6349,223.4852,349.1284,,333.4793,103.0873,26.5542,,4.385742,,,
-4.382612,2.511285,-1.653794,,2.03011,4.275762,-4.537854,,343.8792,223.9368,349.9127,,336.5877,102.2093,26.97695,,4.493286,,,
-4.294006,2.485725,-1.694403,,1.353717,4.210523,-4.841002,,343.5496,224.7494,349.9034,,338.3691,100.4379,29.82778,,4.597534,,,
-4.289621,2.488436,-1.696108,,0.7682853,4.244367,-4.995357,,343.4399,225.0714,349.7888,,338.7632,97.03504,32.70776,,4.7052,,,
-4.293179,2.507119,-1.724597,,-0.1717453,4.659372,-5.399936,,343.443,225.3559,349.7124,,339.0416,93.60207,38.85464,,4.821533,,,
-4.267937,2.53814,-1.765865,,-0.8647928,4.791912,-5.049734,,343.3902,225.5342,349.5002,,338.8204,95.85048,38.72754,,4.925293,,,
-4.211046,2.58331,-1.807068,,-1.504072,4.833588,-4.560893,,343.325,225.8527,349.1403,,339.4872,97.22603,38.60229,,5.033447,,,
-4.128442,2.636203,-1.839287,,-1.956692,4.610568,-4.15086,,343.2745,226.3476,348.676,,341.633,96.81438,37.54491,,5.135132,,,
-4.024532,2.703965,-1.879512,,-1.767432,4.219673,-4.13862,,343.1792,226.731,347.8783,,339.7202,97.24184,36.31186,,5.242798,,,
-3.888617,2.811336,-1.963969,,-1.497839,3.689556,-4.015872,,343.1577,227.5862,347.5415,,336.9851,98.77258,35.1643,,5.345581,,,
-3.884648,2.824067,-1.984942,,-1.376582,3.446834,-3.909094,,343.1559,227.7504,347.8331,,335.282,98.38103,34.91646,,5.453979,,,
-3.88927,2.830969,-2.002635,,-1.541437,3.457307,-3.595671,,343.1508,227.828,347.8093,,335.6372,99.2475,35.03826,,5.557129,,,
-3.884532,2.857814,-2.050007,,-1.685264,3.382601,-3.218664,,343.1204,228.0344,347.6664,,336.2781,101.2185,34.79765,,5.667969,,,
-3.827881,2.924535,-2.124395,,-1.733058,3.278801,-3.093853,,343.0247,228.3547,347.2136,,336.5287,102.0656,34.79848,,5.769287,,,
-3.824279,2.937434,-2.145505,,-1.815015,3.187366,-2.907486,,343.0097,228.4463,347.1421,,336.0193,102.6874,35.09338,,5.878174,,,
-3.798913,2.955343,-2.155431,,-1.798033,3.172277,-2.905432,,343.0515,228.4724,347.0768,,336.4987,101.6878,35.16402,,5.980469,,,
-3.811851,2.970586,-2.19649,,-1.966158,3.036924,-2.827476,,343.0561,228.7239,346.9525,,336.6387,101.1727,35.41509,,6.082764,,,
-3.818264,3.011736,-2.279943,,-1.970143,3.031299,-3.00018,,343.0017,229.0132,346.8383,,336.3451,99.62473,35.83072,,6.186279,,,
-3.825337,3.038617,-2.336898,,-2.141481,2.984882,-2.980381,,342.8753,229.1076,346.7211,,336.7417,99.19913,36.41412,,6.294067,,,
-3.823235,3.047286,-2.351068,,-2.206465,2.868844,-2.841265,,342.9069,229.0308,346.6851,,336.4974,100.4134,35.0247,,6.408813,,,
-3.826366,3.048588,-2.35646,,-2.22683,2.857887,-2.777112,,342.9069,229.0544,346.6851,,336.5594,100.8876,33.32761,,6.512207,,,
-3.82219,3.051624,-2.358155,,-2.265538,2.790062,-2.628715,,342.8303,229.0776,346.6565,,336.7577,101.4656,32.18272,,6.622437,,,
-3.812809,3.062046,-2.368631,,-2.30182,2.68603,-2.508894,,342.8302,229.1949,346.6546,,336.9002,101.7466,31.64572,,6.726685,,,
-3.80396,3.06974,-2.387019,,-2.339857,2.63805,-2.478146,,342.8868,229.2468,346.7343,,337.0214,101.3916,31.61911,,6.839478,,,
-3.743411,3.154716,-2.485549,,-2.341923,2.602506,-2.471171,,342.7695,229.968,346.3363,,337.63,100.2412,31.38365,,6.950073,,,
-3.616886,3.24846,-2.60703,,-2.361353,2.533624,-2.399677,,342.7084,230.8322,345.5741,,337.65,99.98112,31.23389,,7.056641,,,
-3.544428,3.305388,-2.698776,,-2.378983,2.501056,-2.336403,,342.6791,231.49,345.0319,,337.2901,100.5612,31.30791,,7.168701,,,
-3.517029,3.306463,-2.722707,,-2.378982,2.501057,-2.336403,,342.7104,231.7654,344.9014,,337.2901,100.5612,31.30791,,7.280029,,,
-3.514441,3.302398,-2.725224,,-2.378983,2.501058,-2.336403,,342.7106,231.7655,344.9015,,337.2901,100.5611,31.30793,,7.381836,,,
-3.527681,3.307629,-2.747348,,-2.378983,2.50106,-2.336403,,342.7104,231.8597,344.9014,,337.2901,100.5611,31.30793,,7.492798,,,
-3.544296,3.314149,-2.774983,,-2.378982,2.501061,-2.336403,,342.7103,231.9775,344.9014,,337.2901,100.5611,31.30793,,7.598511,,,
-3.545503,3.328998,-2.802129,,-2.396823,2.472403,-2.290498,,342.6797,232.0212,344.8327,,337.665,99.07516,28.96438,,7.699829,,,
-3.540767,3.336737,-2.811028,,-2.398451,2.471813,-2.291087,,342.6712,232.0589,344.8579,,337.5555,98.72874,28.59838,,7.801636,,,
-3.540769,3.336734,-2.811029,,-2.401066,2.471433,-2.289872,,342.6003,232.0783,344.7056,,337.2928,97.6713,28.28456,,7.918701,,,
-3.540769,3.336736,-2.811029,,-2.4023,2.471046,-2.289596,,342.6003,232.0783,344.7789,,337.0455,97.2448,28.11983,,8.032471,,,
-3.540769,3.336735,-2.811028,,-2.402466,2.470648,-2.289876,,342.6003,232.0783,344.7789,,336.9939,97.29142,28.10649,,8.138672,,,
-3.544113,3.338033,-2.816555,,-2.403161,2.470626,-2.290485,,342.5294,232.1212,344.7731,,337.0984,97.31451,27.67592,,8.238892,,,
-3.544113,3.338033,-2.816555,,-2.403962,2.470016,-2.290845,,342.5294,232.1212,344.7731,,337.2508,97.01104,27.46133,,8.340454,,,
-3.541462,3.332217,-2.803814,,-2.405117,2.46841,-2.291981,,342.4628,232.0862,344.7914,,337.1914,96.96466,27.29408,,8.448975,,,
-3.541461,3.332215,-2.803814,,-2.40643,2.4666,-2.292419,,342.3918,232.1055,344.7122,,336.9268,96.74485,27.16503,,8.552979,,,
-3.528115,3.32701,-2.7817,,-2.407489,2.465621,-2.293406,,342.4099,232.0832,344.7823,,337.1514,96.64446,26.5827,,8.664063,,,
-3.52479,3.325711,-2.77617,,-2.408541,2.464772,-2.29424,,342.4095,232.0599,344.7818,,337.3961,96.51367,25.90914,,8.76709,,,
-3.544113,3.338035,-2.816555,,-2.408572,2.463852,-2.296417,,342.4584,232.1169,344.7673,,337.812,97.34274,25.26196,,8.875366,,,
-3.564959,3.351209,-2.86017,,-2.409263,2.463865,-2.298613,,342.2834,231.7081,344.6475,,337.8571,98.44008,24.19183,,8.976074,,,
-3.578443,3.353133,-2.881559,,-2.409361,2.462844,-2.300074,,342.2866,231.6958,344.2732,,337.8911,99.1039,23.77513,,9.086304,,,
-3.583887,3.351491,-2.886333,,-2.40928,2.46118,-2.300003,,342.2589,231.5084,344.3272,,337.7094,98.98761,23.99446,,9.190552,,,
-3.582695,3.344766,-2.890523,,-2.409978,2.459637,-2.299239,,342.3111,231.5923,344.3559,,338.0504,97.98994,23.86983,,9.29895,,,
-3.576548,3.339337,-2.890704,,-2.408381,2.458086,-2.301495,,342.3067,231.4854,344.4323,,338.01,99.50304,24.07442,,9.400757,,,
-3.576836,3.343112,-2.890093,,-2.409173,2.456878,-2.300738,,342.3005,231.5018,344.3972,,338.1181,98.71601,23.84629,,9.507568,,,
-3.585946,3.348094,-2.89183,,-2.385651,2.598222,-2.369368,,342.2491,231.5448,344.341,,337.5697,99.56243,24.1337,,9.609131,,,
-3.59331,3.34767,-2.895908,,-2.363639,2.760138,-2.568522,,342.2875,231.4972,344.4783,,337.1628,98.50732,24.51657,,9.712891,,,
-3.594914,3.342966,-2.897388,,-2.240299,3.1658,-2.77287,,342.3707,231.5924,344.4598,,337.6361,98.50607,24.16585,,9.817383,,,
-3.596359,3.342954,-2.897443,,-2.211328,3.164208,-2.781468,,342.3756,231.7273,344.523,,338.4308,97.31182,23.79075,,9.926514,,,
-3.598751,3.343097,-2.897271,,-2.134189,3.197209,-2.854045,,342.3098,231.7617,344.3985,,338.4065,96.39079,24.16252,,10.02966,,,
-3.599942,3.342401,-2.900239,,-1.861812,3.16271,-3.103598,,342.3241,231.6128,344.4921,,337.399,96.90679,24.44679,,10.13452,,,
-3.600149,3.34025,-2.901268,,-1.721555,3.182816,-3.302325,,342.3263,231.6213,344.5099,,336.3429,97.24065,26.15066,,10.2373,,,
-3.604357,3.329976,-2.907609,,-1.70485,3.186979,-3.349461,,342.3166,231.5337,344.5482,,336.0059,97.76175,26.44612,,10.33948,,,
-3.623064,3.313543,-2.914942,,-1.651169,3.205627,-3.497951,,342.4021,231.1752,344.935,,335.8096,98.17358,26.47425,,10.44141,,,
-3.855741,3.127112,-2.777215,,-1.603274,3.25139,-3.610353,,342.2916,229.1752,346.2337,,335.0168,99.59697,26.76089,,10.55066,,,
-4.259646,2.850533,-2.571875,,-1.550169,3.249193,-3.698115,,342.5149,226.9667,348.5317,,334.6008,100.5097,26.80104,,10.65198,,,
-4.84863,2.573529,-2.276644,,-1.200048,3.274214,-3.87324,,342.9952,223.3061,350.2858,,334.3446,100.6682,25.38022,,10.76306,,,
-5.436309,2.268167,-1.988832,,-0.8595948,3.482785,-4.089073,,343.4658,219.3049,351.1455,,335.9534,99.01873,23.86234,,10.86682,,,
-5.604468,2.172931,-1.901685,,-0.6679025,3.617533,-4.181648,,343.3228,217.8115,351.381,,336.3813,99.11918,23.88966,,10.97498,,,
-5.834066,2.032163,-1.742552,,-0.233233,3.736766,-4.27156,,343.4858,216.1795,352.6512,,336.6113,99.34222,23.56195,,11.0791,,,
-5.863098,2.007634,-1.704926,,0.1032891,3.752532,-4.362102,,343.3533,215.8165,352.8488,,336.5881,99.62039,24.02225,,11.1803,,,
-5.857623,2.005498,-1.695854,,0.4582615,3.786363,-4.538096,,343.1336,215.777,352.7734,,336.2247,99.89928,24.89569,,11.28308,,,
-5.854894,2.00443,-1.691317,,0.6606379,3.804991,-4.653234,,343.136,215.8269,352.7722,,336.1145,100.0533,25.29745,,11.39355,,,
-5.850436,2.006673,-1.693475,,0.8056102,3.85705,-4.816463,,343.1249,215.8333,352.7503,,336.3951,99.82401,25.75558,,11.49548,,,
-5.85044,2.006673,-1.693473,,0.8577256,3.88252,-4.890722,,343.0521,215.8359,352.7496,,336.0615,100.9913,25.99216,,11.60718,,,
-5.845981,2.008917,-1.69563,,0.8858075,3.916722,-4.924632,,343.0489,216.0629,352.7241,,335.5637,102.1244,26.05625,,11.72083,,,
-5.845979,2.008916,-1.695631,,0.9588923,3.977732,-5.027336,,342.9784,216.1389,352.7223,,335.5109,102.2059,26.07881,,11.82275,,,
-5.850432,2.006673,-1.693474,,1.052053,4.054741,-5.126153,,342.9908,216.2062,352.7428,,335.7282,101.3149,25.83924,,11.93384,,,
-5.850441,2.006672,-1.693474,,1.241441,4.241987,-5.273479,,342.9907,216.2062,352.7428,,336.5101,99.95442,25.34809,,12.03857,,,
-5.850441,2.006672,-1.693475,,1.457332,4.319225,-5.396983,,342.9173,216.2089,352.7417,,336.8887,99.17065,25.07147,,12.14026,,,
-5.850432,2.006673,-1.693475,,1.830911,4.360129,-5.541344,,342.9174,216.2088,352.742,,336.6542,99.55849,25.09417,,12.24316,,,
-5.850432,2.006672,-1.693475,,2.157043,4.372437,-5.655842,,342.9174,216.2088,352.7419,,336.3823,100.1075,25.09766,,12.35193,,,
-5.850432,2.006672,-1.693475,,2.449239,4.35984,-5.820872,,342.9174,216.2088,352.742,,336.1484,100.4823,25.58827,,12.45374,,,
-5.850441,2.006673,-1.693473,,2.601113,4.345994,-5.906766,,342.8444,216.2113,352.7412,,335.8547,101.0744,25.68782,,12.56482,,,
-5.845978,2.008916,-1.695632,,2.79119,4.332783,-5.957446,,342.9805,216.2126,352.7209,,335.6405,101.3429,25.5757,,12.66699,,,
-5.845989,2.008917,-1.695631,,2.991841,4.318265,-5.981562,,342.9095,216.2887,352.719,,335.6411,101.5564,25.69546,,12.77747,,,
-5.845976,2.008917,-1.695631,,3.320065,4.316862,-5.941057,,342.9076,216.2152,352.7202,,335.5853,102.1258,25.83506,,12.87878,,,
-5.841526,2.011161,-1.697786,,3.668621,4.303608,-5.881719,,342.8968,216.2216,352.7715,,335.6216,102.4816,26.23434,,12.98938,,,
-5.841528,2.01116,-1.697786,,4.021255,4.246185,-5.842441,,342.8993,216.2952,352.697,,335.67,102.563,26.61718,,13.09949,,,
-5.841529,2.011161,-1.697786,,4.256292,4.215632,-5.794899,,342.8991,216.2952,352.6969,,335.768,102.263,26.81122,,13.20215,,,
-5.841529,2.011161,-1.697786,,4.528942,4.175171,-5.726399,,342.8991,216.2952,352.6969,,335.7224,102.2493,26.8572,,13.31384,,,
-5.832625,2.015657,-1.702092,,4.822613,4.127977,-5.631404,,342.8836,216.4552,352.5774,,335.6812,102.7145,26.98621,,13.41748,,,
-5.83262,2.015658,-1.702093,,5.046746,4.09779,-5.565765,,342.8834,216.4552,352.6505,,335.6606,103.4468,27.34417,,13.52051,,,
-5.823717,2.020161,-1.7064,,5.303052,4.062291,-5.489654,,342.8657,216.5417,352.6054,,335.7814,104.0272,27.44478,,13.6228,,,
-5.814808,2.024673,-1.710696,,5.543551,4.028911,-5.352584,,342.8477,216.6282,352.5603,,335.8093,104.649,27.0656,,13.73401,,,
-5.781684,2.028733,-1.710279,,5.823455,3.970861,-5.157447,,342.7994,216.6636,352.3756,,335.8609,105.6587,26.89321,,13.83594,,,
-5.753943,2.037927,-1.711816,,5.873426,3.92635,-5.073232,,342.7573,216.8699,352.2613,,335.8123,106.0752,27.31609,,13.9458,,,
-5.693379,2.066586,-1.734859,,5.885482,3.809651,-4.923229,,342.6458,217.3734,351.8184,,335.7708,106.1139,27.52539,,14.0481,,,
-5.440816,2.17934,-1.846272,,5.883583,3.717697,-4.7897,,342.1964,218.789,350.6804,,335.7219,106.8388,27.65446,,14.15015,,,
-4.628855,2.498777,-2.171146,,5.781896,3.684669,-4.642349,,341.0553,222.413,348.1629,,335.4852,107.7755,27.8567,,14.25195,,,
-3.547889,3.159554,-2.491518,,5.522996,3.640192,-4.290342,,342.0382,227.8307,353.4309,,335.3927,110.4621,27.92539,,14.36755,,,
-2.963966,3.428807,-2.799672,,5.154634,3.557794,-3.86882,,343.1148,232.3804,358.6652,,335.346,111.9337,28.36551,,14.48022,,,
-1.706457,3.574003,-3.296934,,4.788261,3.474741,-3.369549,,345.4914,235.1248,356.9764,,335.7287,109.588,28.72268,,14.58289,,,
-0.8190613,4.001672,-3.883339,,4.627635,3.433623,-3.068556,,343.0811,237.7191,352.3425,,335.6484,111.0419,28.7264,,14.69409,,,
0.2264662,4.426697,-3.653033,,4.511348,3.329686,-2.791543,,342.3332,238.4996,348.5045,,335.6345,111.7281,28.82129,,14.79663,,,
0.5278177,4.23571,-3.318459,,4.421804,3.127151,-2.662908,,341.6722,238.0313,349.1428,,335.3937,112.6245,29.14751,,14.90686,,,
1.013784,3.935081,-3.137017,,4.381979,3.023136,-2.599528,,341.0574,238.1936,350.2535,,335.1824,112.1287,29.64806,,15.00916,,,
1.252365,3.664004,-3.220048,,4.375876,2.986448,-2.612442,,340.2768,238.666,350.8672,,335.2705,110.4848,29.81765,,15.11316,,,
1.182537,3.654807,-3.418614,,4.329295,2.994927,-2.732393,,339.4135,239.397,350.9393,,335.5086,107.9166,30.23724,,15.21802,,,
1.179123,3.643055,-3.429636,,4.297127,3.014583,-2.85233,,339.3912,239.5172,350.9502,,335.6721,105.5613,30.60065,,15.3197,,,
1.18449,3.636426,-3.424433,,4.285155,3.037833,-2.909447,,339.4909,239.5111,350.9672,,335.58,106.9011,30.79682,,15.42383,,,
1.205794,3.602396,-3.415121,,4.235566,3.053143,-2.979146,,339.4654,239.8179,350.9272,,335.6204,106.5164,31.07977,,15.5343,,,
1.236943,3.600086,-3.459975,,4.159926,3.214899,-3.24647,,339.0852,240.5691,350.6199,,335.9264,105.3155,31.93489,,15.63782,,,
1.258917,3.648875,-3.48692,,4.127289,3.231922,-3.323571,,338.9772,241.1464,350.2887,,336.1446,104.7054,32.17717,,15.74561,,,
1.310562,3.669752,-3.43931,,4.073527,3.259308,-3.341287,,339.0256,241.9046,350.0223,,336.3962,103.1072,32.27827,,15.85034,,,
1.350842,3.70275,-3.421375,,3.991198,3.337016,-3.431578,,339.0419,242.9978,349.7137,,336.6136,102.7237,32.38291,,15.95227,,,
1.358337,3.719245,-3.440059,,3.948525,3.388227,-3.462469,,338.9526,243.8774,349.536,,336.8708,102.5983,32.0825,,16.05603,,,
1.314505,3.742612,-3.528591,,3.941561,3.407415,-3.478252,,338.8137,244.3567,349.4916,,336.9157,102.3067,32.00586,,16.15991,,,
1.265942,3.684278,-3.558495,,3.938711,3.406864,-3.472716,,338.3846,244.2863,349.7041,,336.8808,102.5448,32.01152,,16.26233,,,
1.18162,3.300845,-3.358961,,3.944754,3.447834,-3.493755,,337.5482,242.708,351.1515,,337.03,102.0158,32.04464,,16.37402,,,
1.148122,3.259995,-3.334534,,3.955906,3.453585,-3.501542,,336.8705,241.0537,353.7991,,337.0497,101.8354,32.01573,,16.47705,,,
1.175635,3.27527,-3.315327,,3.959389,3.459478,-3.506215,,337.0155,241.1112,353.7691,,337.0496,101.8117,32.01577,,16.58728,,,
1.26453,3.335807,-3.265946,,3.96498,3.499964,-3.562943,,337.4279,241.7009,353.4456,,337.0915,101.4081,32.20997,,16.68909,,,
1.316365,3.337351,-3.195084,,3.97715,3.538129,-3.64507,,337.632,242.808,353.2396,,337.1616,100.7578,32.27841,,16.79248,,,
1.452097,3.322696,-3.148782,,3.963001,3.549124,-3.63721,,337.5458,244.1603,352.6088,,337.1695,100.7855,32.3283,,16.89575,,,
1.552279,3.205869,-3.03635,,3.960083,3.548567,-3.631687,,337.2813,244.5505,352.4685,,337.0971,101.2375,32.41439,,17.005,,,
1.663787,3.045902,-2.788916,,3.957164,3.548012,-3.626164,,337.3257,243.9901,352.6659,,337.0733,101.404,32.34518,,17.10889,,,
1.644917,2.830758,-2.783762,,3.957161,3.548013,-3.626165,,337.9967,238.9162,357.8118,,337.0006,102.2757,32.36324,,17.21228,,,
1.659898,2.839023,-2.74098,,3.958403,3.541401,-3.619057,,340.0936,231.9617,5.538249,,336.9612,102.5236,32.41681,,17.31665,,,
1.553736,2.959744,-2.829941,,3.95258,3.540289,-3.608009,,339.8903,232.5843,6.163659,,337.0213,102.2132,32.33431,,17.41956,,,
1.519619,3.057371,-2.82537,,3.957372,3.539566,-3.605557,,339.8498,232.6326,6.042591,,337.0542,102.0087,32.30344,,17.52234,,,
1.52789,3.276943,-2.901094,,3.966966,3.538136,-3.600653,,340.5965,232.724,5.66711,,337.0592,101.9566,32.25144,,17.63538,,,
1.721668,3.571731,-3.217785,,3.966972,3.538136,-3.600651,,341.0121,231.6177,10.27861,,336.9995,102.314,32.26098,,17.73767,,,
1.735031,3.595061,-3.461782,,3.964065,3.53758,-3.59513,,340.6833,231.9677,10.95907,,337.0116,102.2664,32.25887,,17.8396,,,
1.773871,3.488343,-3.450285,,3.964067,3.537583,-3.595129,,340.1943,233.4983,9.544677,,337.0233,102.1949,32.25703,,17.94214,,,
1.878408,3.3135,-3.32236,,3.964061,3.53758,-3.59513,,339.394,233.9884,9.047764,,337.0472,102.0516,32.32665,,18.05493,,,
1.89603,3.303271,-3.284657,,3.964098,3.554847,-3.600482,,339.1501,234.7019,8.989703,,337.0593,101.9567,32.32464,,18.15796,,,
1.850676,3.358222,-3.404546,,3.945138,3.635294,-3.652241,,338.7338,235.4386,8.773311,,337.4573,101.7568,32.49917,,18.26868,,,
1.897121,3.325294,-3.298674,,3.871919,3.72919,-3.724659,,338.4211,235.4394,8.549295,,337.7,101.3026,33.00805,,18.37122,,,
1.963762,3.279728,-3.147251,,3.701658,3.799346,-3.895913,,338.274,235.5417,8.249583,,338.1293,100.7518,33.3976,,18.4729,,,
2.064347,3.214282,-2.929387,,3.625694,3.834799,-3.962753,,339.0075,236.3246,8.355016,,338.2898,100.4428,32.78665,,18.57996,,,
2.121017,3.1578,-2.796069,,3.608124,3.849152,-3.970815,,339.4015,236.5894,8.548935,,338.4672,99.60495,32.70937,,18.68286,,,
2.138797,3.128322,-2.763812,,3.59863,3.851029,-3.975766,,339.5838,236.5962,8.594905,,338.6649,99.03904,32.72919,,18.78723,,,
2.152898,3.093423,-2.750779,,3.565447,3.866179,-3.977409,,339.506,236.6694,8.58912,,338.515,99.50868,32.90424,,18.8894,,,
2.155893,3.083755,-2.754784,,3.532941,3.878215,-3.99376,,339.5649,236.6231,8.532025,,338.5594,99.3752,33.00068,,18.9917,,,
2.145127,3.035226,-2.773392,,3.473642,3.865136,-3.871605,,339.6025,236.6719,8.706574,,338.5919,100.4082,33.05667,,19.10657,,,
2.141172,2.996433,-2.772951,,3.434479,3.858102,-3.834009,,339.5386,236.6511,8.814901,,338.5984,99.89936,33.04395,,19.21094,,,
2.142644,2.991589,-2.774945,,3.41997,3.852029,-3.820132,,339.4025,236.8493,8.695048,,338.6482,99.74954,33.13275,,19.31628,,,
2.155744,2.983044,-2.744519,,3.417662,3.827105,-3.801753,,339.407,237.0273,8.741736,,338.6633,99.00433,33.0612,,19.41736,,,
2.155745,2.983039,-2.744519,,3.619854,3.76432,-3.651761,,339.389,237.1333,8.727624,,338.5229,98.87365,32.00341,,19.52722,,,
2.152424,2.972263,-2.736512,,3.847669,3.710816,-3.660405,,339.3286,237.1473,8.809453,,337.6139,99.96211,32.56939,,19.64014,,,
2.14912,2.967952,-2.736311,,4.364862,3.70642,-3.617298,,339.2672,237.1758,8.769748,,336.7255,101.6678,32.73394,,19.74292,,,
2.139226,2.955012,-2.735704,,4.66603,3.644894,-3.493677,,339.2046,237.1953,8.901482,,336.2425,102.7798,34.22173,,19.85229,,,
2.137753,2.959857,-2.73371,,4.599555,3.411559,-3.206046,,339.086,237.2878,8.795312,,335.7514,104.7767,34.81602,,19.95581,,,
2.137754,2.959855,-2.733709,,4.498993,3.257355,-3.024102,,339.086,237.2878,8.795319,,335.716,104.5982,34.8062,,20.05957,,,
2.137753,2.959856,-2.73371,,4.345962,3.083006,-2.842291,,339.0677,237.394,8.781167,,335.7242,104.8895,34.29447,,20.16296,,,
2.13302,2.966837,-2.739315,,4.210606,3.044676,-2.850484,,339.0083,237.4639,8.764553,,335.8705,104.2463,34.10808,,20.27246,,,
2.133018,2.966838,-2.739314,,4.013005,3.072274,-2.962279,,338.9903,237.5699,8.750509,,336.0087,103.8148,34.21917,,20.37671,,,
2.133019,2.966835,-2.739316,,3.955393,3.072888,-2.94182,,338.972,237.676,8.809652,,336.0173,104.0412,33.61897,,20.48499,,,
2.136319,2.971148,-2.739518,,3.844854,3.085073,-2.986119,,338.9595,238.0633,8.672429,,336.1582,103.9242,33.58473,,20.5885,,,
2.146554,2.99809,-2.736339,,3.749058,3.096365,-3.023433,,338.8886,238.2517,8.615337,,336.2277,103.7542,33.84399,,20.68884,,,
2.145096,3.009389,-2.742149,,3.644405,3.113394,-3.092221,,338.8133,238.4371,8.486604,,336.2028,104.1035,34.26981,,20.79175,,,
2.151676,3.018024,-2.74255,,3.631642,3.156289,-3.123171,,338.7986,238.5612,8.422961,,336.8102,99.59906,34.24771,,20.90466,,,
2.151671,3.018029,-2.742549,,3.648322,3.190107,-3.142291,,338.7217,238.7141,8.392397,,337.1533,99.45515,34.13967,,21.00806,,,
2.156427,3.011048,-2.736935,,3.66362,3.182754,-3.132631,,338.5095,239.0436,8.167492,,337.3063,99.30109,34.14002,,21.10913,,,
2.165913,2.997082,-2.725702,,3.662589,3.18184,-3.135921,,338.3795,239.4918,8.096558,,337.3881,99.53729,34.20285,,21.21313,,,
2.175341,2.97664,-2.706654,,3.665196,3.180325,-3.131539,,338.4462,239.8841,8.094754,,337.4818,99.15815,34.24141,,21.32458,,,
2.184359,2.942183,-2.691401,,3.668645,3.177409,-3.126078,,338.3878,240.1131,8.179553,,337.7239,98.68896,34.19465,,21.42725,,,
2.187223,2.926021,-2.68758,,3.672744,3.176153,-3.117917,,338.2498,240.2803,8.08384,,337.8612,98.05247,34.06991,,21.52991,,,
2.188661,2.914652,-2.681728,,3.671951,3.175751,-3.119897,,338.1298,240.3392,8.000584,,338.0164,98.24043,33.82516,,21.63428,,,
2.195113,2.905575,-2.67038,,3.671699,3.177316,-3.119365,,337.9549,240.6045,7.908824,,337.9511,98.24789,33.71341,,21.74524,,,
2.20175,2.853467,-2.657291,,3.670675,3.17647,-3.122295,,337.5143,240.7654,7.762915,,338.0009,98.4509,33.79208,,21.85083,,,
2.193352,2.847893,-2.673898,,3.673063,3.177649,-3.115078,,337.3354,240.9454,7.806557,,338.1493,98.07156,33.82256,,21.95593,,,
2.198446,2.854898,-2.664489,,3.67265,3.178839,-3.115227,,337.3202,241.0377,7.914991,,338.0479,98.10021,33.84826,,22.07239,,,
2.178129,2.874869,-2.669402,,3.674072,3.179238,-3.111632,,337.2768,241.0165,8.007942,,338.0703,97.86066,33.81839,,22.18066,,,
2.109531,2.971691,-2.689515,,3.673218,3.180449,-3.112695,,337.2183,240.8261,8.149407,,338.0373,97.98489,33.70095,,22.28552,,,
2.052428,3.025265,-2.678692,,3.673241,3.181042,-3.112369,,337.3701,240.1434,8.351319,,338.0338,97.98524,33.69075,,22.40076,,,
2.045851,3.023101,-2.686045,,3.672159,3.181921,-3.114325,,337.4856,240.0631,8.412584,,337.9837,98.15612,33.7224,,22.50354,,,
2.041077,3.030049,-2.691605,,3.666829,3.186,-3.124146,,337.4856,240.0868,8.412591,,337.8018,99.01784,33.77259,,22.61609,,,
2.034556,3.034305,-2.706744,,3.676725,3.18112,-3.11684,,337.4856,240.1338,8.412584,,337.7672,99.17058,33.73336,,22.71899,,,
2.024759,3.040676,-2.729445,,3.631622,3.425203,-3.107892,,337.4453,240.1451,8.408195,,337.5495,100.8482,33.72404,,22.82324,,,
2.002131,3.051308,-2.735817,,3.610823,3.462366,-3.112455,,337.3579,240.0445,8.475108,,337.8658,100.8296,33.79529,,22.92896,,,
1.973087,3.073666,-2.745658,,3.605883,3.463045,-3.131432,,337.3109,240.0266,8.546458,,337.8401,101.4376,33.55901,,23.03333,,,
1.895842,3.194959,-2.764151,,3.682064,3.460269,-3.105926,,337.3825,240.0562,8.434273,,337.754,102.3045,33.56337,,23.15027,,,
1.728797,3.246462,-2.714474,,4.201096,3.388382,-2.84181,,337.7606,239.4425,8.349225,,337.2014,104.9762,30.9756,,23.27405,,,
1.637684,3.165771,-2.706215,,4.317513,3.387896,-2.779633,,337.9019,238.8301,7.71014,,337.1193,103.9953,31.13938,,23.44556,,,
1.59038,3.146702,-2.709511,,4.386202,3.382273,-2.747426,,337.9079,238.677,7.829055,,337.084,104.7101,30.89306,,23.54822,,,
1.550093,3.162351,-2.725047,,4.558625,3.375446,-2.665879,,337.9225,238.6183,7.675859,,336.736,105.9903,31.10563,,23.66113,,,
1.474415,3.212902,-2.762127,,4.720618,3.366446,-2.589516,,337.9731,238.72,7.648735,,336.4064,106.5901,31.7481,,23.76758,,,
1.408142,3.209972,-2.780216,,4.752503,3.364342,-2.568083,,338.0264,238.4177,7.381658,,336.3388,106.3869,31.93703,,23.8761,,,
1.331039,3.229159,-2.777675,,4.767248,3.363689,-2.56113,,338.0585,238.1883,7.125832,,336.4031,105.4719,32.21785,,23.99194,,,
1.244504,3.252063,-2.760243,,4.76967,3.362977,-2.553616,,338.3509,237.913,7.264507,,336.3602,105.0625,32.26382,,24.09827,,,
1.193758,3.272402,-2.740942,,4.769681,3.362976,-2.553617,,338.5899,237.6925,7.381176,,336.4442,104.9238,32.33279,,24.20593,,,
1.085176,3.256957,-2.723669,,4.772115,3.362259,-2.546104,,338.7841,237.3411,7.747184,,336.379,104.8053,32.38188,,24.32434,,,
0.8522778,3.238061,-2.63181,,4.77147,3.356922,-2.54693,,338.9367,236.6679,7.538908,,336.4575,104.7392,32.37836,,24.4292,,,
0.6859379,3.239432,-2.564594,,4.773906,3.356211,-2.539415,,339.04,235.9892,7.00275,,336.4595,104.7001,32.3523,,24.53418,,,
0.4903307,3.252877,-2.480525,,4.771439,3.355708,-2.534226,,339.2262,235.4173,6.320911,,336.465,104.6509,32.35144,,24.63879,,,
0.4204845,3.251559,-2.44893,,4.771439,3.355706,-2.534227,,339.3565,235.2269,6.232639,,336.465,104.6509,32.35144,,24.74475,,,
0.1811886,3.246872,-2.34074,,4.765872,3.34936,-2.524656,,339.6281,234.6952,5.916154,,336.4704,104.6254,32.42393,,24.84998,,,
-0.007598877,3.233146,-2.258132,,4.765879,3.34936,-2.524655,,339.71,234.3568,4.968644,,336.4028,104.546,32.3525,,24.95422,,,
-0.1847572,3.229918,-2.169284,,4.765864,3.34936,-2.524654,,339.8298,233.9308,4.226362,,336.4029,104.5463,32.42551,,25.05469,,,
-0.3147211,3.264012,-2.117802,,4.765863,3.349362,-2.524655,,339.9464,233.681,4.136816,,336.4865,104.4072,32.42139,,25.16064,,,
-0.7039394,3.375472,-2.070208,,4.77324,3.348447,-2.514847,,340.2785,233.8114,2.330686,,336.4691,104.5964,32.44587,,25.26538,,,
-1.250282,3.38665,-1.820245,,4.773239,3.34845,-2.514846,,340.6081,234.1064,358.0771,,336.4744,104.5236,32.51828,,25.36938,,,
-1.558846,3.414907,-1.684527,,4.778167,3.348247,-2.512542,,340.6436,235.2753,353.3009,,336.487,104.3156,32.49048,,25.4762,,,
-1.817995,3.37604,-1.589611,,4.777508,3.342907,-2.513364,,340.8781,235.8137,351.6175,,336.4764,104.4609,32.49235,,25.57886,,,
-2.370866,3.311721,-1.355183,,4.777508,3.342907,-2.513364,,341.1946,237.0664,345.5573,,336.4819,104.3884,32.56456,,25.68262,,,
-2.646732,3.33861,-1.22585,,4.777525,3.342908,-2.513365,,341.5027,239.2654,340.4749,,336.4196,104.2366,32.56525,,25.79456,,,
-2.962054,3.347482,-1.097428,,4.782427,3.34271,-2.51106,,341.926,240.803,335.5087,,336.4889,104.253,32.53767,,25.90088,,,
-3.154688,3.254788,-1.024232,,4.77998,3.34221,-2.505867,,341.9913,241.343,333.1306,,336.4944,104.2039,32.60997,,26.00464,,,
-3.394246,3.166332,-0.9207988,,4.786721,3.335975,-2.496893,,342.2618,242.5731,329.6292,,336.409,104.314,32.48974,,26.10791,,,
-3.515507,3.146523,-0.8619723,,4.783637,3.330135,-2.49252,,342.4206,243.3887,327.4565,,336.4767,104.4165,32.56145,,26.21497,,,
-3.681207,3.113699,-0.7929883,,4.788542,3.329943,-2.490222,,342.5987,243.7211,325.7447,,336.4733,104.4266,32.53619,,26.31812,,,
-3.722344,3.116088,-0.7730079,,4.787896,3.324604,-2.49104,,342.7056,243.9399,324.8282,,336.4002,104.4205,32.46534,,26.4198,,,
-3.726779,3.113237,-0.7716951,,4.787896,3.324604,-2.491041,,342.7742,243.9173,324.2711,,336.4056,104.3478,32.53783,,26.52209,,,
-3.743004,3.108598,-0.7653265,,4.787905,3.324601,-2.491041,,342.779,243.967,324.1261,,336.4785,104.3537,32.53546,,26.63501,,,
-3.765079,3.11177,-0.7540951,,4.781737,3.312915,-2.48229,,342.6979,243.9608,323.9745,,336.4055,104.3946,32.53788,,26.74011,,,
-3.788576,3.125566,-0.7393179,,4.781106,3.307572,-2.483107,,342.7634,243.9312,323.881,,336.3952,104.54,32.46632,,26.84058,,,
-3.808796,3.133025,-0.7347965,,4.7811,3.307576,-2.483105,,342.8428,243.9966,323.7893,,336.3898,104.613,32.54032,,26.94409,,,
-3.810695,3.128732,-0.7280664,,4.778653,3.307074,-2.477911,,342.9115,243.9508,323.7447,,336.4003,104.491,32.5387,,27.05322,,,
-3.736576,3.069065,-0.6669164,,4.395472,3.609935,-2.491216,,342.8976,243.8813,323.7972,,337.4337,105.373,34.13088,,27.15857,,,
-3.612195,2.999256,-0.5750117,,3.750984,3.754486,-2.677873,,343.0144,243.8811,323.8133,,339.7181,106.0772,34.12365,,27.26062,,,
-3.414386,2.912347,-0.5329194,,3.420324,3.73205,-2.801168,,343.1987,244.0919,323.8877,,340.8823,102.3285,32.58229,,27.36438,,,
-3.289464,2.944041,-0.5223937,,3.388813,3.749949,-2.814775,,343.2176,244.1295,323.0381,,339.2148,103.6837,31.06341,,27.47595,,,
-2.89381,3.090946,-0.6322517,,3.320665,3.788148,-2.813681,,343.1761,243.1745,325.6226,,337.7063,104.9464,31.77054,,27.58057,,,
-2.704613,3.152286,-0.6753082,,2.461998,4.239951,-2.564497,,342.6491,240.8279,330.963,,336.5049,106.5219,33.60348,,27.68494,,,
-2.707928,3.118408,-0.6539135,,2.476668,4.955189,-2.378299,,342.3466,239.5713,334.0572,,339.687,106.7694,32.39726,,27.79956,,,
-2.693519,3.114925,-0.631669,,1.733864,5.004636,-2.604497,,342.4032,239.6956,334.4043,,341.9398,104.646,33.4307,,27.90613,,,
-2.692896,3.108598,-0.6190081,,1.491285,5.348664,-2.496171,,342.5097,240.0635,334.5131,,342.3512,104.1321,33.43647,,28.01038,,,
-2.681209,3.083044,-0.557765,,0.8920527,5.923472,-2.008861,,342.5387,239.9467,334.59,,343.5626,104.1292,34.95234,,28.11414,,,
-2.66542,3.060475,-0.4975414,,0.4288316,5.845075,-1.280092,,342.5518,239.767,334.7139,,343.9102,104.2284,33.7208,,28.21948,,,
-2.614558,3.029556,-0.3958349,,0.0323844,5.106991,-0.4890504,,342.5363,239.2798,334.541,,342.4075,104.8387,32.55481,,28.32581,,,
-2.584541,3.002383,-0.3501649,,-0.1839294,4.049377,-0.5406475,,342.5363,239.0677,334.6143,,341.94,103.0771,32.42739,,28.43079,,,
-2.514528,2.975362,-0.3132124,,-0.2619915,3.845655,-0.307168,,342.5381,239.7093,334.6933,,340.1415,103.4128,31.8881,,28.53638,,,
-2.492642,2.968786,-0.2905178,,-0.2137017,3.7104,-0.1857939,,342.4481,240.0028,334.6144,,339.9648,103.987,31.43566,,28.64063,,,
-2.496049,2.965701,-0.2859516,,-0.1919537,3.600609,-0.09893894,,342.3393,240.3208,334.722,,339.8111,103.4929,31.13501,,28.74524,,,
-2.498042,2.962769,-0.284358,,-0.189168,3.530792,-0.05086708,,342.4344,240.566,334.6715,,339.8052,103.4028,30.9355,,28.85669,,,
-2.500237,2.961183,-0.281929,,-0.1566515,3.440161,0.001436234,,342.4381,240.8955,334.651,,339.4551,103.8867,30.85613,,28.97009,,,
-2.485357,2.978982,-0.3057804,,-0.136373,3.317399,0.07122421,,342.434,241.0235,334.5977,,339.1495,103.9728,30.66887,,29.07422,,,
-2.466929,2.990917,-0.4087009,,-0.1437674,3.273211,0.08143425,,342.3292,240.8722,334.4869,,338.713,104.1309,30.76586,,29.18787,,,
-2.471585,3.004094,-0.4914274,,-0.136075,3.258584,0.08931065,,342.1904,240.6166,334.2473,,338.4427,104.2117,30.774,,29.30078,,,
-2.669662,3.133937,-0.7843814,,-0.1309719,3.256939,0.09016705,,341.3806,238.5744,334.2887,,338.4181,103.8398,30.71711,,29.40674,,,
-2.644686,3.122437,-0.7096639,,-0.13097,3.256939,0.09016609,,341.3303,236.9398,334.296,,338.5381,103.5185,30.66071,,29.51111,,,
-2.536517,3.075391,-0.6065397,,-0.138176,3.238561,0.1174345,,341.6424,236.7668,335.6862,,338.6539,103.5134,30.55423,,29.61548,,,
-2.201864,2.95368,-0.6698074,,-0.1518426,3.181355,0.1555414,,341.1917,234.9347,338.8106,,338.6341,103.497,30.54212,,29.72693,,,
-2.018489,2.947582,-0.7099624,,-0.1620679,3.156475,0.1968088,,340.8049,233.3933,343.3468,,338.702,103.6677,30.60464,,29.84094,,,
-1.948606,2.918954,-0.6027317,,-0.1700201,3.127309,0.2231627,,340.8127,232.7678,345.4531,,338.726,103.6978,30.51994,,29.94507,,,
-1.897429,2.88203,-0.4749393,,-0.1775641,3.087898,0.241312,,341.0352,232.4847,346.7862,,338.726,103.7683,30.15386,,30.05005,,,
-1.87005,2.851053,-0.4116087,,-0.1785622,3.07711,0.2403049,,341.1258,232.2648,348.6494,,338.702,103.8325,29.94551,,30.15625,,,
-1.858172,2.842148,-0.3810997,,-0.1795511,3.066319,0.2393045,,341.1957,232.1242,349.2427,,338.6341,103.8033,29.95607,,30.26111,,,
-1.888704,2.843651,-0.3537483,,-0.1866221,3.046377,0.2364902,,341.266,232.0146,349.6664,,338.5316,103.6723,29.98884,,30.36548,,,
-1.938577,2.821099,-0.3035369,,-0.1880646,3.03019,0.2349939,,341.3669,231.624,350.2451,,338.5076,103.7366,30.00037,,30.47046,,,
-1.983418,2.815536,-0.2652993,,-0.1894817,3.014,0.2334986,,341.5897,231.188,350.7941,,338.3956,103.6136,29.93717,,30.57507,,,
-1.990632,2.808004,-0.2587729,,-0.1936431,2.965409,0.2290354,,341.7646,230.7572,350.9828,,338.3036,103.6484,29.66654,,30.67981,,,
-1.990594,2.812573,-0.2438002,,-0.2252378,2.847199,0.2217903,,341.6648,230.7192,351.0221,,337.9018,103.9679,29.00424,,30.78479,,,
-1.987886,2.814247,-0.2350473,,-0.2832289,2.702432,0.268259,,341.9279,231.1309,350.9326,,337.0929,105.3746,27.422,,30.8949,,,
-1.901994,2.820521,-0.09676456,,-0.3814793,2.664278,0.3237791,,342.0391,231.3567,350.782,,337.3682,104.9247,26.03168,,31.00928,,,
-1.848825,2.78782,0.09975576,,-0.4168682,2.656602,0.3398438,,342.0995,230.8998,352.3445,,336.8199,105.2629,26.26331,,31.11633,,,
-1.778111,2.803768,0.08005047,,-0.485374,2.68726,0.3150463,,342.2956,231.16,352.501,,336.7885,105.0869,26.70033,,31.2207,,,
-1.807777,2.776776,0.1666813,,-0.5324721,2.702353,0.3155775,,342.3027,231.3504,352.3952,,337.4133,103.4843,26.62787,,31.32751,,,
-1.792057,2.778609,0.1103687,,-0.5391049,2.695939,0.30688,,342.3306,231.4472,352.3958,,337.6961,102.3883,26.50863,,31.43652,,,
-1.808704,2.77786,0.1459999,,-0.5432005,2.638385,0.2167997,,342.323,231.4207,352.3956,,336.9631,102.5156,26.83436,,31.55518,,,
-1.817516,2.793863,0.182848,,-0.5554056,2.658215,0.1957989,,342.3226,231.4208,352.3955,,336.9978,101.1362,26.70371,,31.66992,,,
-1.822031,2.798278,0.1832323,,-0.5503435,2.65682,0.1740932,,342.3929,231.3985,352.4022,,336.9134,100.8775,26.92081,,31.77112,,,
-1.826975,2.804251,0.1799054,,-0.5431528,2.67787,0.1509228,,342.3931,231.422,352.4024,,336.8009,100.448,27.02649,,31.88708,,,
-1.836475,2.808967,0.1433334,,-0.5425639,2.688693,0.1518555,,342.4133,231.5394,352.4027,,336.7337,100.416,27.1856,,32.00427,,,
-1.84474,2.813218,0.1393795,,-0.5412145,2.689257,0.1444654,,342.3926,231.5324,352.4268,,336.7089,100.4548,27.27277,,32.12,,,
-1.847102,2.816294,0.1456766,,-0.5163689,2.689828,0.1023874,,342.3926,231.5559,352.5001,,336.7341,100.5571,27.42337,,32.22314,,,
-1.819868,2.819991,0.09408092,,-0.5158443,2.702428,0.1015701,,342.4156,231.727,352.4767,,336.6518,100.7731,27.4028,,32.32959,,,
-1.84584,2.830873,0.09905434,,-0.4934297,2.711805,0.1268444,,342.4128,231.8148,352.5005,,336.5089,100.8236,27.44274,,32.43042,,,
-1.877908,2.835236,0.07349348,,-0.5285702,2.75007,0.1591377,,342.322,231.8535,352.5179,,336.4227,101.5563,27.64125,,32.53967,,,
-1.872316,2.879234,-0.02115536,,-0.5178313,2.779849,0.2016268,,342.0911,231.5491,352.5303,,336.6863,102.3625,27.64952,,32.64783,,,
-1.984404,2.926005,-0.1093554,,-0.520143,2.784138,0.216856,,341.8816,231.3098,352.6945,,336.7869,102.756,27.59043,,32.755,,,
-2.25539,3.062715,-0.2264905,,-0.5126233,2.779491,0.2331638,,341.839,231.2609,352.7039,,337.2099,101.9129,27.3362,,32.85999,,,
-2.432502,3.211613,-0.292141,,-0.5114713,2.776053,0.2560606,,342.4386,230.9344,352.1413,,337.4163,101.648,27.22144,,32.96887,,,
-2.505753,3.281827,-0.4127932,,-0.5026064,2.771987,0.2649689,,342.5849,230.9192,351.4401,,337.5374,101.5321,27.124,,33.08411,,,
-2.750708,3.480218,-0.8457441,,-0.4756279,2.765244,0.2921257,,342.2088,231.1572,348.5935,,337.5914,101.5602,26.94987,,33.20093,,,
-2.868193,3.550818,-1.064271,,-0.444416,2.761715,0.3277941,,341.998,231.2625,345.9992,,337.5859,101.7455,26.78004,,33.30786,,,
-2.94754,3.606346,-1.161859,,-0.3930378,2.782823,0.3838444,,341.9039,231.3699,344.8612,,337.6066,102.0427,26.58127,,33.41724,,,
-2.986646,3.630303,-1.234404,,-0.3217063,2.818048,0.4591007,,341.6729,230.8442,344.0071,,337.7569,102.3851,26.35233,,33.53284,,,
-3.000683,3.637964,-1.263203,,-0.2867107,2.84262,0.4894066,,341.6472,230.5842,343.5857,,337.8785,102.637,26.50371,,33.63916,,,
-3.011961,3.644073,-1.286223,,-0.2772608,2.844181,0.4986181,,341.5767,230.6995,343.5058,,337.9259,102.7071,26.52059,,33.74487,,,
-3.040336,3.661682,-1.335517,,-0.2464571,2.849995,0.5116806,,341.6089,230.7477,343.151,,337.9325,102.8111,26.66665,,33.84924,,,
-3.066025,3.675287,-1.387185,,-0.221508,2.862373,0.5317326,,341.5191,230.9093,342.7805,,337.9733,102.8663,26.67645,,33.95642,,,
-3.115,3.705621,-1.468191,,-0.1794543,2.875914,0.5471592,,341.2951,230.7122,341.5489,,337.9598,102.9868,26.70408,,34.0697,,,
-3.154154,3.720252,-1.535468,,-0.1169844,2.89351,0.5736437,,341.2376,230.7568,341.0443,,337.9749,103.1933,26.84971,,34.17566,,,
-3.24425,3.707071,-1.606172,,-0.07839394,2.890109,0.6019859,,341.2325,230.5891,340.8479,,338.0312,103.3888,26.86636,,34.28137,,,
-3.363291,3.686734,-1.692875,,0.01388359,2.884021,0.6681948,,341.0465,230.2932,340.5746,,337.9777,103.7714,27.07257,,34.38342,,,
-3.457083,3.740914,-1.909881,,0.07716608,2.892361,0.6862602,,340.7596,230.1105,340.4764,,338.018,103.8876,27.35331,,34.49097,,,
-3.540962,3.730344,-2.172217,,0.139473,2.900475,0.711422,,340.3042,228.9103,341.0565,,338.1709,103.9227,27.3095,,34.59668,,,
-3.711279,3.566625,-2.638241,,0.1663752,2.903936,0.7159328,,340.0682,228.9731,341.9888,,338.1034,104.2523,27.30266,,34.70386,,,
-4.780447,3.128056,-3.726328,,0.186996,2.908375,0.7268276,,340.0065,228.1939,345.3487,,338.007,104.9506,27.36065,,34.80969,,,
-5.348418,2.864606,-4.284924,,0.2132359,2.927068,0.7469368,,339.9393,226.8982,346.0605,,337.6878,106.5615,27.43889,,34.91626,,,
-5.44965,2.935582,-4.255166,,0.3116713,2.982181,0.8244114,,339.505,226.7452,343.0481,,337.5238,108.3299,27.1851,,35.03162,,,
-5.448268,2.942664,-4.254974,,0.5420847,3.140979,0.999856,,339.3697,227.3836,341.8708,,338.4502,107.9777,27.03897,,35.1377,,,
-5.437634,2.915158,-4.268528,,0.6895084,3.158274,1.14953,,339.3789,227.3756,341.8936,,339.0521,107.834,26.75227,,35.24561,,,
-5.431882,2.899668,-4.283983,,0.88869,3.378322,1.359782,,339.5122,227.2997,341.9079,,339.7919,108.7389,26.28929,,35.35083,,,
-5.443368,2.902294,-4.298324,,0.901165,3.493286,1.411232,,339.4894,227.2224,341.9915,,340.4619,108.9413,26.27971,,35.45789,,,
-5.441383,2.879914,-4.304008,,0.8956108,3.490659,1.507173,,339.447,227.293,342.0276,,339.8381,112.3331,25.53679,,35.5708,,,
-5.430877,2.852295,-4.317489,,0.9296808,3.624585,1.665483,,339.4563,227.285,341.9771,,339.5555,112.1156,22.64214,,35.67432,,,
-5.430881,2.852292,-4.317489,,0.9499264,3.614935,1.845474,,339.4561,227.2851,341.9769,,339.4299,112.1841,21.32138,,35.78101,,,
-5.439874,2.839213,-4.312665,,0.88802,3.586555,2.317627,,339.4843,227.2609,342.0457,,338.2834,114.7336,19.80894,,35.88953,,,
-5.441293,2.832118,-4.312827,,0.8545732,3.567122,2.717978,,339.4824,227.1788,342.0006,,337.5733,116.2655,18.57639,,35.99341,,,
-5.436542,2.823892,-4.318142,,0.8369799,3.522049,3.158711,,339.4824,227.1788,342.0006,,337.1425,118.2483,17.56865,,36.09814,,,
-5.436543,2.823892,-4.318143,,0.8282623,3.471162,3.44919,,339.4824,227.179,342.0003,,337.437,117.3414,16.96006,,36.20471,,,
-5.441838,2.821523,-4.330339,,0.8694558,3.181103,3.690271,,339.4936,227.3,341.6291,,337.6276,116.3449,16.26013,,36.3075,,,
-5.445621,2.818537,-4.327839,,0.9261804,3.050665,3.831167,,339.4308,227.3044,341.6477,,337.5115,116.7101,16.00657,,36.41064,,,
-5.443252,2.814423,-4.330494,,1.127259,2.782101,4.106562,,339.4918,227.218,341.6572,,337.6029,117.5063,15.03911,,36.51501,,,
-5.450922,2.816159,-4.34003,,1.252618,2.683632,4.309816,,339.4306,227.3515,341.5745,,337.5209,118.5489,14.56891,,36.62634,,,
-5.45092,2.81616,-4.340033,,1.489135,2.603798,4.609779,,339.5029,227.3391,341.6521,,337.9696,118.0278,13.72963,,36.73914,,,
-5.450926,2.816159,-4.34003,,1.707585,2.530049,4.818351,,339.4306,227.3515,341.5745,,338.2273,117.8899,13.54611,,36.84216,,,
-5.453767,2.801958,-4.34033,,1.938921,2.485721,5.034565,,339.5215,227.3232,341.6244,,338.4791,118.8658,14.04584,,36.95593,,,
-5.4514,2.797835,-4.342983,,2.062845,2.459786,5.180979,,339.4492,227.3356,341.6201,,339.0706,118.0457,14.50605,,37.06958,,,
-5.4514,2.797837,-4.342983,,2.193614,2.436348,5.279766,,339.4493,227.3355,341.6934,,339.0574,118.7486,14.97955,,37.17432,,,
-5.451451,2.801688,-4.350257,,2.348589,2.418955,5.342373,,339.5011,227.2806,341.6801,,339.0176,119.1698,15.15425,,37.28638,,,
-5.469188,2.809268,-4.366649,,2.506533,2.460597,5.337237,,339.5121,227.449,341.748,,339.056,118.7027,15.77329,,37.39929,,,
-5.444016,2.937202,-4.363773,,2.837245,2.721542,5.229874,,339.2727,227.6065,341.4052,,339.1073,118.9791,16.19836,,37.50464,,,
-5.137808,3.32237,-4.392414,,3.219932,2.927584,5.02829,,339.9529,228.0516,340.1235,,339.3513,119.8904,16.35388,,37.61694,,,
-4.560986,3.775918,-4.647599,,3.515813,3.0876,4.587881,,340.8174,229.9865,339.721,,339.273,120.2765,16.96862,,37.73059,,,
-3.879643,4.316626,-4.777009,,3.572529,3.317052,3.977929,,342.1416,231.4725,343.5631,,339.5823,119.2686,17.74394,,37.83545,,,
-3.500787,4.649973,-4.702099,,3.635273,3.429834,3.630142,,343.6143,231.762,346.343,,339.5865,120.0068,17.70261,,37.94006,,,
-3.316767,4.947062,-4.479442,,3.735843,3.548963,3.365996,,345.3592,231.909,349.2264,,339.4936,119.9485,17.80505,,38.04529,,,
-2.725456,5.578588,-4.294178,,3.776008,3.605045,3.08323,,346.0154,232.8106,346.9404,,339.491,119.5197,18.06422,,38.15747,,,
-1.770196,6.386061,-4.242417,,3.9768,3.66616,2.538134,,346.7737,234.564,346.715,,339.4989,119.2107,18.00066,,38.27539,,,
-1.585995,6.499213,-4.213539,,4.279248,3.700932,2.016151,,347.571,235.5274,348.9717,,339.6333,118.5504,18.87213,,38.37793,,,
-1.569864,6.283311,-4.330171,,4.36154,3.684288,1.685269,,347.6774,235.6185,349.6827,,340.0021,118.0126,19.28918,,38.48682,,,
-1.579662,6.155235,-4.380984,,4.383124,3.501363,1.576086,,347.6589,235.5132,350.0986,,340.7902,116.4784,19.37691,,38.60413,,,
-1.587059,6.017402,-4.377186,,4.364367,3.409058,1.58855,,347.5471,235.6298,350.4783,,340.9406,116.3565,19.37488,,38.70422,,,
-1.509413,5.989435,-4.347386,,4.37662,3.40778,1.617717,,347.3488,235.7399,350.3394,,340.9257,116.4246,19.52221,,38.81006,,,
-1.341233,6.086775,-4.280292,,4.411633,3.429751,1.393593,,347.4499,236.3218,349.5186,,341.0631,115.9498,19.67004,,38.91687,,,
-1.320683,6.070161,-4.268139,,4.418596,3.437885,1.356757,,347.4604,236.4178,349.4262,,341.0439,116.882,19.67449,,39.0238,,,
-1.18803,6.049915,-4.280335,,4.454476,3.484108,1.250531,,347.4828,236.4395,349.1098,,340.7936,117.6424,19.63198,,39.13989,,,
-0.8365631,6.074142,-4.481058,,4.511456,3.512943,1.103103,,346.8716,237.1615,347.8506,,340.4639,118.0422,19.44177,,39.24219,,,
-0.49086,6.054826,-4.586105,,4.581335,3.61305,0.8542137,,345.7042,238.0523,349.2322,,340.218,118.4292,19.49545,,39.35657,,,
-0.2901115,6.088099,-4.573994,,4.758868,3.650189,0.5321693,,344.8682,238.6635,349.1088,,340.2169,118.8635,19.10323,,39.47083,,,
0.1351948,6.380625,-4.330837,,5.19437,3.6513,0.2914734,,344.2959,239.2346,349.6093,,340.7484,119.4993,18.37834,,39.57861,,,
0.2135506,6.437803,-4.29305,,5.476532,3.658346,0.2021666,,344.5509,239.8014,349.8347,,340.9244,119.8829,18.58671,,39.68433,,,
0.2501593,6.165918,-4.553655,,5.529788,3.671963,0.05366898,,344.909,240.6193,350.1097,,341.239,119.7411,19.78571,,39.78809,,,
0.2175255,6.141545,-4.683703,,5.436958,3.645116,0.3704519,,344.2266,239.8985,350.2088,,341.3981,121.5273,19.95851,,39.89673,,,
0.2105608,6.107343,-4.697643,,5.044313,3.779495,0.8399096,,344.1451,239.7764,350.4575,,340.5659,123.3279,21.35607,,40.01355,,,
0.2013645,6.077512,-4.709173,,4.442775,3.811406,1.19054,,344.0923,239.8195,350.6883,,340.4816,120.9565,22.82121,,40.11841,,,
0.1855736,6.060842,-4.713564,,4.088593,3.777008,1.502628,,344.0396,239.8622,350.846,,340.3599,118.5447,22.80933,,40.22693,,,
0.1709919,6.054994,-4.726507,,3.64244,3.752936,1.849885,,344.0422,239.896,350.8944,,340.1279,118.3841,22.89477,,40.3407,,,
0.1681509,6.050413,-4.725801,,3.11542,3.744911,2.12566,,344.0438,239.8893,350.9187,,340.0294,118.3228,22.78135,,40.44617,,,
0.1563969,6.049147,-4.739428,,2.927947,3.743299,2.2699,,343.9434,239.9154,350.9331,,340.0385,117.1389,22.26877,,40.55737,,,
0.1384544,6.043986,-4.729454,,2.745764,3.761031,2.32856,,343.9061,239.8286,351.033,,339.9669,117.0464,22.31117,,40.67175,,,
0.124507,6.047084,-4.740676,,2.563756,3.96997,2.334465,,343.8629,239.8158,351.1821,,340.3565,116.0185,23.05489,,40.77905,,,
0.1147146,6.02259,-4.729909,,2.740592,4.122527,2.280176,,343.9307,239.7063,351.4136,,341.4,115.1577,22.36176,,40.88647,,,
0.1147175,6.022585,-4.729909,,2.848326,4.113333,2.373178,,343.8878,239.6463,351.4164,,341.3958,117.834,22.01368,,40.98694,,,
0.1090059,6.013457,-4.728456,,3.28235,4.238632,2.638221,,343.9766,239.7531,351.4591,,341.4145,118.2173,20.25404,,41.0957,,,
0.1032887,6.004327,-4.726997,,4.000451,4.266004,2.846369,,343.8778,239.7249,351.4979,,341.2384,118.5004,20.81865,,41.21143,,,
0.1032906,6.004328,-4.726998,,4.007553,4.231081,3.059616,,343.8778,239.7249,351.4978,,341.2051,119.4339,22.38508,,41.31812,,,
0.09883881,6.005973,-4.73414,,3.851009,4.219603,3.448999,,343.8779,239.7485,351.4979,,340.627,121.4267,23.14636,,41.42737,,,
0.0988369,6.005972,-4.734139,,3.642982,4.23105,4.03095,,343.8354,239.6881,351.5009,,340.0467,121.2013,23.50403,,41.54297,,,
0.09596634,6.001416,-4.733407,,3.196541,4.17962,4.283541,,343.8795,239.7417,351.5221,,340.1116,118.5714,24.38063,,41.64722,,,
0.08268547,6.013446,-4.74293,,2.985473,4.188562,4.217939,,343.8367,239.7286,351.5251,,340.0365,116.6016,24.2027,,41.7533,,,
-0.03427029,6.151281,-4.740951,,2.960289,4.211226,3.947102,,343.8132,239.7847,351.6655,,340.1044,114.5828,23.85296,,41.8584,,,
-0.5377369,6.294941,-4.451432,,2.882876,4.231951,3.598402,,344.7987,237.6356,354.3631,,340.2043,112.6647,24.09901,,41.96313,,,
-1.436781,6.708867,-3.933292,,2.747191,4.28199,2.981447,,349.285,233.8964,357.3323,,340.7399,112.5275,24.85446,,42.06812,,,
-1.645816,6.859486,-3.939048,,2.743137,4.313108,2.548241,,351.0586,232.6506,357.7336,,341.6787,111.2956,24.86997,,42.17542,,,
-2.185518,6.680955,-3.759115,,2.637762,4.359047,2.128669,,352.5435,229.825,359.8837,,342.2539,110.6408,25.55256,,42.28064,,,
-2.462093,6.315866,-3.602347,,2.337412,4.387166,1.882633,,352.4832,228.0051,359.5408,,342.8337,109.5222,26.59807,,42.38623,,,
-2.815368,5.777926,-3.31243,,1.798965,4.259036,1.586031,,351.3839,226.0957,357.7854,,343.1247,106.8902,27.05443,,42.49988,,,
-2.757457,5.63036,-3.083947,,1.425056,4.032444,1.469286,,349.8829,226.1564,355.394,,342.2361,106.0984,27.09608,,42.60461,,,
-2.731136,5.568252,-3.036214,,1.020788,3.822765,1.271474,,349.6647,226.4301,355.3322,,341.8925,104.4576,28.08686,,42.71704,,,
-2.564678,5.422774,-2.816616,,0.6114845,3.718067,1.101962,,349.4663,226.1797,355.5574,,341.7901,102.6615,27.47674,,42.82996,,,
-2.449675,5.331689,-2.682761,,0.173418,3.511394,1.02413,,349.3447,226.5783,355.5673,,341.326,102.0085,27.65235,,42.93481,,,
-2.403221,5.312473,-2.602996,,-0.2327223,3.502201,0.935648,,349.241,226.7981,355.5008,,341.5485,100.276,26.75725,,43.03979,,,
-2.390728,5.285981,-2.57385,,-0.5542154,3.52177,0.9586182,,349.2468,226.8333,355.5498,,341.6687,99.11621,25.72299,,43.14685,,,
-2.460616,5.224431,-2.565503,,-0.6460876,3.534062,0.9693537,,349.2918,226.6464,355.882,,341.602,98.93516,25.38498,,43.25378,,,
-2.725327,5.336352,-2.638667,,-0.6929832,3.540644,1.046967,,349.0108,226.3408,356.4274,,341.6433,99.07966,25.08639,,43.37097,,,
-3.270429,5.041564,-2.328504,,-0.9614701,3.57496,1.074891,,349.6933,223.8483,359.1819,,341.7066,98.91495,25.36991,,43.47852,,,
-3.259652,4.850962,-2.018234,,-1.103024,3.579392,1.141945,,349.8711,222.5929,358.3346,,341.8241,98.70257,25.14726,,43.5802,,,
-3.134608,4.789945,-1.784891,,-1.242712,3.515269,1.221107,,350.0497,222.9157,358.0756,,341.7773,98.70119,25.01524,,43.68103,,,
-3.022697,4.731804,-1.567607,,-1.312412,3.458004,1.263348,,350.1377,223.2369,357.9747,,341.6367,98.67263,24.89654,,43.79041,,,
-2.893829,4.66429,-1.361505,,-1.354642,3.427364,1.279681,,350.4256,223.2849,357.9429,,341.3645,99.16952,25.17078,,43.89087,,,
-2.846175,4.569816,-1.199706,,-1.41336,3.412087,1.318912,,350.7589,223.6863,358.4695,,341.1251,99.87329,25.65946,,44.00684,,,
-2.856044,4.511424,-1.125057,,-1.453156,3.403247,1.337353,,350.8871,223.5982,359.4379,,341.0357,100.1032,25.88835,,44.12305,,,
-2.806614,4.478186,-1.049861,,-1.502856,3.347427,1.406727,,351.0902,223.6683,0.9471605,,341.7646,98.67599,25.35219,,44.22314,,,
-2.780543,4.459605,-1.013408,,-1.556751,3.319676,1.446362,,351.0873,223.7372,1.733502,,341.934,98.66364,25.27992,,44.3374,,,
-2.739077,4.419968,-0.9976358,,-1.609851,3.313162,1.448153,,351.2239,223.7844,2.160856,,341.7001,98.88066,25.62998,,44.45154,,,
-2.729074,4.417984,-0.995224,,-1.671771,3.300753,1.536181,,351.0988,224.1138,2.253511,,341.4644,99.35295,25.83551,,44.55847,,,
-2.845104,4.3261,-0.9569731,,-1.676753,3.302891,1.535826,,351.1712,223.7829,3.476893,,341.754,98.75344,25.66477,,44.66199,,,
-3.300478,4.008189,-0.6931129,,-1.670969,3.301307,1.528349,,350.8428,221.5694,6.212582,,342.0978,97.96519,25.39176,,44.76929,,,
-3.243399,3.963105,-0.5485935,,-1.670971,3.301305,1.528345,,350.5185,221.1379,6.311637,,342.2613,97.60907,25.27367,,44.87683,,,
-3.176689,3.922132,-0.4001474,,-1.670972,3.301307,1.528347,,350.382,221.1489,6.26159,,342.2614,97.60911,25.27367,,44.99219,,,
-3.084384,3.866925,-0.2086058,,-1.672564,3.3002,1.544017,,350.4132,220.5183,7.254893,,342.0705,98.07166,25.48453,,45.09534,,,
-2.988404,3.780049,0.088027,,-1.674144,3.299101,1.559689,,350.401,219.4632,8.726469,,342.2069,97.82201,25.38645,,45.20654,,,
-3.120025,3.630647,0.2685061,,-1.669156,3.296964,1.560041,,350.5132,218.9246,11.24387,,342.3718,97.26095,25.27116,,45.3208,,,
-3.285772,3.540795,0.6480846,,-1.658737,3.29811,1.561168,,350.3755,217.7023,12.29692,,342.5334,96.85754,25.09099,,45.42615,,,
-3.38693,3.458096,0.8524408,,-1.643772,3.291738,1.562222,,350.4061,217.1189,13.46838,,342.4928,96.87563,24.95797,,45.53467,,,
-3.612481,3.359399,1.0573,,-1.633787,3.287497,1.562927,,350.5203,216.4277,14.76471,,342.4923,96.82816,24.97135,,45.63928,,,
-3.550544,3.317803,1.210125,,-1.633339,3.2929,1.563352,,350.4204,216.47,14.68117,,342.4389,96.94691,25.01138,,45.74438,,,
-3.484223,3.254089,1.388201,,-1.631643,3.304261,1.556384,,350.432,216.5171,14.64131,,342.5191,96.74517,24.95131,,45.84985,,,
-3.454605,3.224484,1.469162,,-1.636174,3.311788,1.556459,,350.4877,216.8288,14.53865,,342.506,96.79852,24.91802,,45.95618,,,
-3.448071,3.219165,1.482194,,-1.636172,3.311789,1.556458,,350.6148,217.2324,15.45183,,342.6128,96.56078,24.91088,,46.07178,,,
-3.447179,3.213084,1.49911,,-1.646153,3.31603,1.55575,,350.6935,217.4233,16.06707,,342.6133,96.60855,24.97067,,46.17273,,,
-3.449176,3.201426,1.517281,,-1.658733,3.324065,1.5312,,350.8569,218.004,16.36565,,342.7614,96.28255,24.94915,,46.28638,,,
-3.438624,3.178102,1.557889,,-1.682391,3.340702,1.521998,,350.9528,218.6801,16.3062,,342.8569,96.17044,24.95427,,46.40222,,,
-3.431771,3.17318,1.596363,,-1.702297,3.36501,1.481826,,351.1939,219.2505,16.35679,,342.8594,95.99079,25.13589,,46.50769,,,
-3.39627,3.197046,1.658068,,-1.710601,3.411525,1.452348,,351.2345,219.4141,16.45957,,342.7685,95.81332,25.14128,,46.60913,,,
-3.394578,3.292274,1.678262,,-1.717579,3.417414,1.475958,,351.1592,219.4661,16.29905,,342.7823,95.87804,25.23426,,46.71545,,,
-3.391093,3.349158,1.691077,,-1.717577,3.417416,1.475957,,351.2197,219.5751,16.11208,,342.8899,95.64183,25.22451,,46.8219,,,
-3.328053,3.366897,1.682184,,-1.717582,3.417414,1.475958,,351.1124,219.6065,15.77908,,342.77,95.72681,25.42236,,46.92859,,,
-3.337103,3.358448,1.685667,,-1.728826,3.41578,1.48264,,351.1961,219.6664,15.68267,,342.771,95.79784,25.70213,,47.0343,,,
-3.245151,3.296925,1.627643,,-1.752847,3.42718,1.472944,,351.2139,220.1406,15.64423,,342.909,95.4173,25.92548,,47.15088,,,
-3.19385,3.258073,1.581684,,-1.752848,3.427179,1.472944,,350.7624,220.55,15.57761,,343.1504,94.88705,25.95514,,47.25769,,,
-3.169383,3.24911,1.547218,,-1.753326,3.421778,1.472511,,350.6022,220.6986,15.49108,,343.0576,94.91302,25.98594,,47.36072,,,
-3.155643,3.238997,1.521998,,-1.752503,3.422334,1.464645,,350.5308,220.7305,15.55813,,343.1377,94.71296,26.06856,,47.46704,,,
-3.191282,3.265197,1.507269,,-1.747531,3.420162,1.465017,,350.5331,220.8593,15.51927,,343.1501,94.6595,26.10108,,47.57727,,,
-3.223458,3.288323,1.497844,,-1.742566,3.41799,1.465386,,350.536,220.9262,15.616,,343.1626,94.60627,26.13361,,47.67822,,,
-3.263846,3.30567,1.467056,,-1.736767,3.416377,1.457897,,350.5359,220.9261,15.52624,,342.9885,94.9419,26.31492,,47.78748,,,
-3.264154,3.306633,1.467513,,-1.695543,3.415302,1.462188,,350.536,220.938,15.5846,,342.1514,96.58148,26.86341,,47.89124,,,
-3.266904,3.318846,1.47885,,-1.63612,3.450613,1.478915,,350.5605,221.1148,15.52885,,342.2702,96.08105,26.58774,,47.99756,,,
-3.290556,3.363091,1.528683,,-1.55703,3.44699,1.471179,,350.5471,221.0371,15.68121,,341.9985,96.45483,26.52649,,48.11475,,,
-3.351242,3.410743,1.519962,,-1.400607,3.505126,1.49976,,350.5292,221.0547,15.6884,,341.8458,96.84763,26.21851,,48.21497,,,
-3.373147,3.435287,1.509392,,-1.188251,3.517011,1.569594,,350.5853,221.0613,15.61974,,341.7562,97.68015,26.54162,,48.32324,,,
-3.442164,3.486177,1.48869,,-1.003386,3.514494,1.58852,,350.5574,220.9842,15.64696,,341.1574,98.63996,27.10332,,48.43994,,,
-3.452888,3.486429,1.49441,,-0.7029648,3.594931,1.65543,,350.5683,220.8054,15.93833,,340.7253,99.00839,28.67307,,48.54724,,,
-3.516862,3.46383,1.543112,,-0.6466804,3.614985,1.662565,,350.6957,220.5461,16.20273,,340.9184,98.85114,29.60161,,48.65662,,,
-3.799008,3.40005,1.586317,,-0.6158891,3.604536,1.664959,,350.8296,220.0742,17.15114,,340.9558,98.79503,29.87565,,48.77405,,,
-3.925059,3.33588,1.606245,,-0.6056185,3.601076,1.665761,,350.8675,219.6882,17.40093,,340.9301,98.80857,29.90767,,48.89026,,,
-4.018864,3.336514,1.616914,,-0.5953493,3.597616,1.666559,,350.9737,219.6257,17.5622,,340.9503,98.69687,29.98057,,48.99707,,,
-4.159351,3.28831,1.633904,,-0.5953364,3.59762,1.666564,,350.9144,219.0818,17.66807,,340.9736,98.63467,30.03749,,49.10608,,,
-4.407859,3.241389,1.654933,,-0.5799327,3.59245,1.667764,,350.9482,217.6801,17.34362,,340.9116,98.71716,29.99206,,49.20752,,,
-4.604706,3.223144,1.669608,,-0.5542288,3.583878,1.669773,,350.9343,217.1864,16.7351,,340.8699,98.68818,29.87312,,49.31458,,,
-4.906817,3.332187,1.680672,,-0.5182195,3.571964,1.672594,,351.104,216.6426,15.70105,,340.7795,98.73548,29.80227,,49.41541,,,
-5.239291,3.34726,1.707621,,-0.497622,3.565207,1.674213,,351.4688,216.0379,15.56559,,340.7279,98.76283,29.86622,,49.52271,,,
-5.935425,3.171262,1.767914,,-0.4924731,3.56352,1.674621,,352.2528,213.7252,14.68261,,340.7149,98.76938,30.06543,,49.62915,,,
-6.066194,3.224305,1.684877,,-0.4821734,3.560151,1.675428,,352.2741,213.331,13.53077,,340.6665,98.84594,30.04004,,49.73438,,,
-6.223009,3.220885,1.613466,,-0.4703941,3.56269,1.669353,,352.4005,213.0976,13.37498,,340.6633,98.77324,30.05619,,49.84998,,,
-6.350375,3.22115,1.517969,,-0.4652386,3.561016,1.669764,,352.5043,213.0006,13.46924,,340.6503,98.78019,30.10877,,49.95557,,,
-6.604805,3.158629,1.489367,,-0.46524,3.561014,1.669764,,352.686,212.8361,14.37726,,340.6955,98.65437,30.15036,,50.06213,,,
-7.273711,2.982175,1.50719,,-0.4652429,3.561014,1.669763,,352.8165,212.2592,15.18386,,340.7628,98.46593,30.24914,,50.16223,,,
-7.582544,2.969375,1.349035,,-0.4652414,3.561016,1.669764,,352.0861,212.1834,14.46924,,340.7404,98.52882,30.26509,,50.27686,,,
-7.767365,3.002458,1.142809,,-0.4652357,3.561014,1.669766,,352.1839,211.8387,14.6537,,340.7629,98.46597,30.39568,,50.39355,,,
-8.039274,3.015893,0.9591146,,-0.4644909,3.561533,1.66243,,352.133,210.8692,13.87979,,340.7181,98.56812,30.42739,,50.49988,,,
-8.08333,3.038918,0.8713083,,-0.4644804,3.561535,1.66243,,352.112,210.5828,13.56059,,340.7632,98.44235,30.46872,,50.6062,,,
-8.130727,3.050842,0.8127379,,-0.464488,3.561533,1.66243,,352.1093,210.4118,13.75014,,340.7629,98.44255,30.54201,,50.72107,,,
-8.304754,3.037837,0.7593422,,-0.4637361,3.562049,1.655098,,352.4441,210.2029,14.01719,,340.6495,98.51713,30.6562,,50.82642,,,
-8.45579,3.010448,0.7630773,,-0.4585848,3.560377,1.655508,,352.6352,209.8016,13.99011,,340.7499,98.42534,30.66817,,50.93127,,,
-8.711285,2.966252,0.8018618,,-0.4585838,3.560377,1.65551,,352.7295,209.3358,13.57557,,340.8618,98.11127,30.51508,,51.03625,,,
-8.732351,2.975411,0.8495541,,-0.4534287,3.558709,1.655922,,352.488,208.9894,12.89909,,340.8487,98.11797,30.4946,,51.14453,,,
-8.517626,3.122611,1.16672,,-0.4328089,3.552043,1.657574,,351.8611,208.1723,12.08652,,340.7963,98.1449,30.41271,,51.24902,,,
-7.970611,3.693053,1.535966,,-0.4107046,3.595415,1.662909,,351.4859,208.885,9.091271,,340.7793,98.10228,30.33527,,51.35632,,,
-6.361777,4.307562,1.885923,,-0.1799173,3.774649,1.655361,,352.4075,212.1577,7.736638,,341.0248,98.64499,29.60495,,51.47229,,,
-4.563054,5.095587,1.764778,,0.5425806,4.056075,1.632038,,353.3857,217.2463,9.807707,,340.489,102.7136,29.70612,,51.57776,,,
-3.842549,5.31044,1.503149,,1.134657,4.234563,1.731693,,353.537,219.1898,11.24763,,340.4985,105.6105,29.47827,,51.68408,,,
-3.269465,5.437049,1.004205,,1.753322,4.247816,1.788427,,353.7632,221.5394,12.38598,,340.1751,108.2805,28.67239,,51.7998,,,
-2.820313,5.449552,0.4560771,,2.777867,4.344582,1.824852,,353.5675,223.5037,12.52321,,339.2366,111.3399,27.50912,,51.90576,,,
-2.492289,5.183598,0.2614756,,2.921105,4.351225,1.745538,,353.1042,224.4244,12.85266,,339.1727,111.2655,28.30951,,52.01453,,,
-1.786882,4.682719,0.1679449,,2.972661,4.42007,1.454882,,350.7461,226.8314,11.88389,,338.6796,111.5621,28.69379,,52.12219,,,
-1.427909,4.377045,0.2316971,,3.051998,4.460453,1.045767,,348.8758,229.1534,11.38187,,338.945,111.1632,28.67452,,52.22815,,,
-1.153031,4.137311,0.6115117,,3.226808,4.338804,0.5345011,,347.3345,231.7894,10.95317,,340.1942,110.5361,28.52694,,52.34424,,,
-0.9657764,4.007924,1.089969,,3.428656,4.196676,0.3853407,,347.007,233.4341,9.26345,,340.5283,110.9835,28.95657,,52.44946,,,
-0.815259,3.966908,1.422961,,3.504602,4.098691,0.3646011,,346.9984,234.1237,8.402217,,339.8689,109.9941,30.42785,,52.55664,,,
-0.6354761,3.824002,1.928968,,3.487562,3.970769,0.3565941,,346.7419,235.3461,7.686919,,339.1245,109.2896,31.56497,,52.67188,,,
-0.5075989,3.624892,2.407866,,3.50154,3.954486,0.3524485,,346.1859,236.7154,4.964342,,338.814,109.2568,32.82392,,52.77649,,,
-0.3180408,3.351542,2.656276,,3.508709,3.942886,0.3591871,,346.0872,238.6058,3.233228,,338.5752,109.3437,33.30027,,52.87988,,,
-0.2264004,3.134527,2.805102,,3.519542,3.937496,0.3552008,,345.4954,240.4439,0.6181305,,338.3367,109.3839,33.70333,,52.98462,,,
-0.1265554,2.984554,3.295148,,3.565798,3.936739,0.3476639,,345.2536,240.6763,0.2714849,,338.1839,109.6644,33.96136,,53.09741,,,
0.2018681,2.854614,4.152509,,3.608158,3.934772,0.357214,,345.0146,242.7953,356.4317,,337.797,110.9384,34.54308,,53.19812,,,
0.6864738,3.148965,4.334034,,3.612159,3.934083,0.3640623,,345.2217,246.1816,352.4782,,337.8018,110.0973,35.37698,,53.3042,,,
1.19965,3.148033,4.285605,,3.628053,3.933389,0.3676386,,345.0892,248.5904,350.4885,,337.9013,108.0982,36.05295,,53.42102,,,
1.213653,2.718369,3.959648,,3.645233,3.933163,0.3655777,,343.6688,249.77,349.7101,,337.9943,106.8771,36.52729,,53.52759,,,
1.248228,2.611936,3.858968,,3.645226,3.933157,0.3655777,,343.3391,249.8792,349.1079,,337.9941,106.877,36.74734,,53.64258,,,
1.327625,2.530445,3.829034,,3.646519,3.933608,0.3599377,,343.3044,250.3772,348.495,,337.9345,106.7016,36.96524,,53.755,,,
1.367454,2.475131,3.796239,,3.667533,3.936757,0.3172655,,343.2342,251.1104,347.6478,,337.8138,106.8834,37.51812,,53.85986,,,
1.393285,2.431115,3.777376,,3.653135,3.882433,0.3275127,,343.1681,251.1434,347.6383,,337.6944,106.6505,37.95407,,53.96582,,,
1.419955,2.427352,3.773189,,3.635704,3.838886,0.3379564,,343.198,251.4715,347.5435,,337.4633,106.9046,38.43358,,54.07104,,,
1.554441,2.383913,3.74311,,3.515492,3.7538,0.4240026,,343.2042,251.9738,346.7218,,337.5027,107.871,38.86501,,54.17932,,,
1.733835,2.338438,3.665229,,3.364074,3.564315,0.4848213,,342.6228,253.3801,346.2139,,337.1366,108.0096,39.41664,,54.29529,,,
1.756599,2.335769,3.619437,,3.336521,3.530948,0.5066881,,342.5569,254.1285,346.0561,,336.7943,109.4356,39.4761,,54.41101,,,
1.799342,2.337423,3.589883,,3.317241,3.523727,0.5992098,,342.5852,254.8063,345.8123,,337.009,109.1848,39.44584,,54.51758,,,
1.864061,2.40903,3.574765,,3.339599,3.552505,0.5696869,,342.89,255.4711,345.6203,,337.1439,108.3536,39.36751,,54.62549,,,
2.002998,2.52791,3.490696,,3.610347,3.776778,0.315177,,343.181,256.421,345.1275,,337.0711,108.8947,38.65377,,54.74048,,,
2.107212,2.55915,3.437845,,3.614286,3.778132,0.2982025,,343.3092,257.3362,344.8794,,337.1117,108.3915,38.78737,,54.84412,,,
2.196974,2.513264,3.384322,,3.515354,3.733903,0.4043503,,343.0834,257.6785,344.6117,,337.2701,108.0053,39.12581,,54.9502,,,
2.215935,2.506446,3.309991,,3.3268,3.600762,0.4553709,,342.5664,258.1071,344.3921,,337.2474,109.438,39.82734,,55.05444,,,
2.195997,2.560185,3.175426,,3.295826,3.563974,0.5189152,,341.9768,257.8571,344.0142,,337.0963,108.5161,39.7019,,55.16125,,,
2.15626,2.6406,3.027102,,3.283062,3.558816,0.5219164,,341.2682,257.1563,343.4887,,336.9911,109.5968,39.79011,,55.26807,,,
2.125826,2.709002,2.908097,,3.284281,3.55927,0.5161171,,340.8504,257.0514,343.3724,,336.9352,110.0757,39.80803,,55.37573,,,
2.079375,2.813205,2.612978,,3.290816,3.559411,0.5114164,,340.4071,257.2858,343.0529,,336.9606,109.7746,39.77354,,55.49072,,,
2.059523,2.831872,2.492321,,3.271275,3.54941,0.5735302,,340.1532,257.3612,342.9196,,336.7663,111.8193,39.85891,,55.59888,,,
2.059985,2.831555,2.448602,,3.249361,3.5481,0.5993757,,340.3498,257.6883,342.7761,,336.7025,112.6269,39.9551,,55.70471,,,
2.050505,2.86164,2.37366,,3.181647,3.543229,0.6279926,,340.4169,258.2141,341.5923,,336.7523,113.4132,40.24491,,55.82019,,,
2.054355,2.865422,2.374288,,3.157438,3.496385,0.680687,,340.3324,258.352,341.351,,336.8674,113.2996,40.22988,,55.92029,,,
2.064544,2.879405,2.368606,,3.10513,3.408049,0.8534193,,340.3985,258.5996,341.2039,,337.0149,112.862,40.24136,,56.03601,,,
2.060469,2.887283,2.345914,,3.058281,3.36072,1.055209,,340.3929,258.8188,340.7994,,337.7119,111.5866,39.43135,,56.13733,,,
2.055126,2.90869,2.310695,,3.034164,3.349672,1.202771,,340.4071,258.9431,340.4869,,338.1461,110.9744,38.48831,,56.24426,,,
2.055124,2.90869,2.310696,,3.025356,3.328621,1.199812,,340.2153,259.057,340.1555,,338.5281,110.3127,37.66182,,56.36072,,,
2.052794,2.913187,2.312679,,3.048438,3.333691,1.124698,,340.2153,259.0572,340.0822,,338.3075,108.6155,37.27915,,56.46887,,,
2.051826,2.915062,2.322228,,3.156418,3.338275,1.07614,,340.2153,259.0336,340.0822,,337.9989,107.9851,36.76962,,56.57507,,,
2.044816,2.928544,2.328175,,3.194884,3.336718,1.076457,,340.2094,259.1819,339.9709,,337.8582,108.8119,36.71076,,56.69043,,,
2.040112,2.937531,2.332147,,3.274529,3.345046,1.072495,,340.2094,259.1819,339.8977,,337.6248,109.3608,36.47408,,56.79065,,,
2.031706,2.953615,2.330533,,3.244006,3.294225,1.177792,,340.2094,259.2054,339.8977,,337.5812,111.0292,36.53951,,56.90674,,,
2.02935,2.958104,2.332517,,3.160508,2.959068,1.435673,,340.2384,259.2606,339.9218,,337.2939,110.4236,36.41909,,57.02185,,,
2.024639,2.967074,2.336484,,3.146215,2.922409,1.448802,,340.1745,259.2985,339.9089,,337.0469,111.5435,34.78748,,57.13074,,,
2.02228,2.971558,2.338469,,3.154334,2.913612,1.463408,,340.2385,259.2606,339.9951,,337.3527,111.9689,33.34269,,57.24451,,,
2.022282,2.971559,2.33847,,3.140962,2.921975,1.450926,,340.2674,259.3158,340.0191,,337.2568,113.5807,32.04829,,57.34998,,,
2.022278,2.971559,2.338469,,3.302171,3.132275,1.354414,,340.2384,259.2606,339.9951,,337.5091,115.1228,31.10701,,57.45679,,,
2.017563,2.980523,2.342436,,3.70883,3.691319,1.230536,,340.2384,259.2606,340.0682,,338.4321,116.0021,29.34717,,57.56238,,,
2.017561,2.980523,2.342437,,3.652311,3.642115,1.246629,,340.2674,259.3158,340.0924,,339.4279,116.0366,29.73097,,57.66931,,,
2.017559,2.980523,2.342435,,3.554374,3.426704,1.331846,,340.2674,259.3158,340.0192,,339.0892,117.5,30.1022,,57.77625,,,
2.015185,2.985003,2.344419,,3.388166,3.151354,1.433834,,340.2674,259.3158,340.0192,,338.0118,117.0003,30.66955,,57.89099,,,
2.01283,2.989483,2.346404,,3.363185,3.057967,1.601044,,340.2674,259.3158,339.946,,338.0167,115.0278,30.41839,,57.99634,,,
2.012827,2.989484,2.346404,,3.351546,2.990701,1.706976,,340.2963,259.371,339.8968,,338.1271,114.9232,30.35168,,58.10364,,,
2.010445,2.993961,2.34839,,3.324078,2.905114,1.84524,,340.2964,259.371,339.8236,,338.327,115.7505,29.69037,,58.22083,,,
2.008089,2.998441,2.350371,,3.306502,2.824895,1.908471,,340.2964,259.3709,339.7504,,338.3128,117.0525,29.42045,,58.32104,,,
2.00809,2.998441,2.350371,,3.297887,2.819131,1.989853,,340.2324,259.4088,339.7376,,337.991,119.3931,29.39942,,58.4353,,,
2.008089,2.998441,2.35037,,3.288664,2.813746,2.0837,,340.2964,259.3709,339.7504,,338.3213,120.8697,28.93451,,58.53552,,,
2.008092,2.998441,2.35037,,3.315845,2.835636,2.057709,,340.2964,259.3709,339.7503,,338.5303,119.1604,28.61088,,58.64282,,,
2.00809,2.998439,2.350369,,3.32988,2.861106,2.002001,,340.3252,259.4262,339.7745,,338.6231,117.7758,28.26743,,58.74951,,,
2.008088,2.998441,2.350371,,3.33289,2.863153,1.973001,,340.2964,259.371,339.6771,,338.5991,117.0723,28.25604,,58.85645,,,
2.005713,3.002919,2.352355,,3.335948,2.865204,1.944008,,340.2324,259.4088,339.7375,,338.3013,116.1234,28.17605,,58.95789,,,
2.005713,3.002919,2.352355,,3.35397,2.889336,1.906432,,340.2324,259.4088,339.7375,,338.3056,114.8854,28.24811,,59.06384,,,
2.005718,3.002918,2.352355,,3.368196,2.906045,1.89741,,340.2963,259.3709,339.7504,,338.3982,113.5558,28.16363,,59.16443,,,
2.003344,3.007392,2.354339,,3.368834,2.906455,1.891628,,340.2964,259.371,339.6039,,338.3195,113.5975,28.16829,,59.27112,,,
1.975501,3.056661,2.377846,,3.368833,2.906456,1.891626,,340.3453,259.8526,337.6976,,338.2724,114.1753,28.18475,,59.37122,,,
1.961247,3.075068,2.385467,,3.368836,2.906453,1.891626,,340.381,259.2334,337.4275,,338.2959,113.8864,28.17659,,59.48706,,,
1.946326,3.080858,2.390195,,3.370199,2.912242,1.886306,,340.3002,258.9612,337.4566,,338.2289,113.7836,28.17716,,59.60327,,,
1.700539,3.169201,2.465634,,3.372213,2.918439,1.875207,,339.9192,257.4333,338.2082,,338.2899,113.9115,28.17859,,59.71045,,,
1.33566,3.246997,2.618308,,3.375694,2.935378,1.865038,,340.28,254.7207,339.4567,,338.2464,113.4963,28.17092,,59.81873,,,
0.9717131,3.241776,2.772984,,3.398515,2.991732,1.830517,,341.0061,250.9701,340.3885,,338.3457,112.8504,28.10596,,59.91956,,,
0.8102093,3.233964,2.814907,,3.410301,3.015152,1.804199,,341.6608,249.2548,340.7073,,338.3556,112.5013,28.07586,,60.02209,,,
0.5995636,3.180079,2.865211,,3.480586,3.076132,1.699895,,341.5573,247.8234,341.6207,,338.2932,112.0368,28.07961,,60.12976,,,
0.4942303,3.230452,2.900929,,3.505837,3.082782,1.680187,,341.9149,247.3604,341.9881,,338.1595,113.3515,28.53374,,60.23059,,,
0.4475956,3.250951,2.916118,,3.534077,3.086176,1.631514,,342.0892,247.2903,342.2891,,337.9297,114.9063,28.84762,,60.33826,,,
0.4307117,3.266686,2.916461,,3.59484,3.086252,1.627892,,342.2825,247.5846,342.5403,,337.8145,115.612,28.81399,,60.44397,,,
0.4026289,3.289753,2.913267,,3.683289,3.086864,1.622321,,342.3553,247.648,342.755,,337.5617,116.9903,29.03489,,60.55334,,,
0.3803291,3.314469,2.901628,,3.760197,3.087597,1.621168,,342.4384,247.742,342.8012,,337.3873,118.7471,29.15412,,60.6604,,,
0.3016243,3.345596,2.88616,,3.938636,3.089502,1.63966,,342.4099,247.7683,343.0075,,337.1494,120.8619,29.52454,,60.76099,,,
0.116497,3.450531,2.907712,,4.033138,3.092818,1.630114,,342.5475,247.207,343.3399,,337.0023,121.1486,29.61508,,60.86108,,,
-0.1962852,3.885978,2.744735,,4.108374,3.092388,1.595497,,343.5092,244.261,343.3152,,336.7247,121.3708,30.02711,,60.96802,,,
-0.2866039,3.996691,2.60374,,4.156022,3.096028,1.568872,,343.846,240.3368,345.9567,,336.6365,120.8678,30.04461,,61.07446,,,
-0.4123611,4.011789,2.384339,,4.189974,3.100467,1.523778,,343.9651,235.8408,350.5371,,336.574,119.6802,30.06118,,61.19104,,,
-0.7750597,4.330468,1.794708,,4.230838,3.093405,1.495802,,343.0892,234.5418,353.9504,,336.4216,118.7272,30.17611,,61.29382,,,
-1.357845,4.515562,0.6244378,,4.287909,3.082097,1.464588,,343.0282,233.8381,356.9611,,336.2264,118.8781,30.29453,,61.40051,,,
-2.244622,4.47588,-0.675118,,4.369015,3.040771,1.424107,,343.9601,231.6891,359.9262,,335.9151,120.7786,30.6833,,61.50793,,,
-2.541662,3.505893,-1.283682,,4.46877,3.039193,1.373611,,344.6773,228.4562,3.599458,,335.8471,121.414,30.7415,,61.61694,,,
-2.714797,3.130332,-1.032845,,4.563447,3.03501,1.284698,,343.4399,226.3103,4.374844,,335.5852,120.9645,30.53303,,61.73425,,,
-2.765493,3.082032,-1.022942,,4.647986,3.048822,1.245614,,343.2729,226.2861,4.573397,,335.4582,116.3342,30.25241,,61.85132,,,
-2.887356,3.030382,-1.055247,,4.724015,3.077093,1.141689,,343.2919,226.0749,4.845654,,335.4815,116.3936,29.97558,,61.95752,,,
-2.909086,3.015164,-1.049377,,4.766339,3.216945,1.08972,,343.2064,225.9148,4.746953,,335.7015,117.3286,29.92409,,62.06543,,,
-2.910682,3.008077,-1.050575,,4.766752,3.240848,1.048279,,343.1395,225.9262,4.692363,,335.6489,118.9518,29.02005,,62.16772,,,
-2.910694,3.00808,-1.050575,,4.774161,3.469797,1.051046,,343.2106,225.9078,4.770956,,335.3807,119.7725,27.85229,,62.27417,,,
-2.930931,3.014401,-1.083744,,4.999231,3.898231,0.8127213,,343.1266,225.9885,4.646362,,336.0088,120.3364,27.12761,,62.39063,,,
-2.938909,3.01907,-1.100906,,5.125561,3.94154,0.6199894,,343.1263,226.0592,4.206816,,336.8033,120.6479,26.77609,,62.49731,,,
-2.952257,3.02683,-1.129494,,5.14748,3.939827,0.5929813,,342.9472,226.3764,2.573099,,337.3242,121.2346,26.77669,,62.60437,,,
-2.964016,3.039157,-1.164988,,5.233608,3.94836,0.582366,,342.8183,226.6338,1.656145,,337.357,120.4314,26.39989,,62.72131,,,
-2.965067,3.045292,-1.177629,,5.425923,3.980715,0.4424677,,342.8142,226.6879,1.412328,,337.2594,120.4684,25.6905,,62.82751,,,
-2.974255,3.056048,-1.207409,,5.539188,4.002226,0.2690058,,342.7024,226.9942,0.7118953,,336.9077,120.3932,25.45208,,62.93433,,,
-2.984989,3.103016,-1.293618,,5.7284,4.065508,0.06577873,,342.3726,227.6845,358.455,,336.7331,120.7645,24.88721,,63.05078,,,
-2.967162,3.136844,-1.337908,,5.855574,4.097666,-0.06546783,,342.2544,227.8316,357.8191,,336.9598,120.3425,24.95106,,63.15833,,,
-2.958334,3.153805,-1.360085,,5.926913,4.116247,-0.1614285,,342.1687,227.9276,357.7164,,337.2422,120.9517,25.21905,,63.26526,,,
-2.949398,3.181592,-1.40199,,6.021859,4.142289,-0.3578787,,342.1466,228.1369,357.205,,337.4268,121.7991,25.48927,,63.37073,,,
-2.953288,3.213391,-1.451758,,6.084419,4.154602,-0.4557076,,341.9337,228.4935,355.9638,,337.4968,121.164,25.55915,,63.47485,,,
-2.931805,3.255746,-1.481301,,6.144472,4.166152,-0.5434713,,341.7635,228.6879,354.9516,,337.4403,119.7448,25.65026,,63.59094,,,
-2.896415,3.355175,-1.548435,,6.231285,4.177167,-0.6575875,,341.7151,229.1399,354.5601,,337.6313,119.7351,26.03982,,63.69946,,,
-2.472561,3.84241,-1.932921,,6.259732,4.169387,-0.7580843,,341.6089,231.7846,351.537,,338.0648,120.2236,26.66544,,63.80347,,,
-1.35939,4.543682,-2.789179,,6.269127,4.051367,-0.8923163,,342.7099,236.6938,345.8392,,338.8366,119.1393,27.24971,,63.90918,,,
-0.8746052,4.480164,-3.186403,,6.275145,3.950032,-0.9418073,,342.222,238.1505,346.431,,339.2426,118.4239,28.38218,,64.01648,,,
-0.6141748,4.4557,-3.335962,,6.301437,3.862391,-0.8702412,,341.7383,236.7822,350.4508,,339.3963,119.7873,30.04113,,64.13379,,,
0.07047462,4.706483,-3.669736,,6.276274,3.790673,-0.8601494,,344.2869,237.6109,347.8008,,338.8866,117.9565,32.46644,,64.23999,,,
0.4823914,4.752962,-3.81708,,6.235803,3.75384,-0.8633957,,344.829,238.546,345.9787,,338.7543,117.1755,34.81098,,64.3457,,,
0.9562149,4.87179,-3.669113,,5.942178,3.678504,-0.9521632,,345.3549,239.3713,345.7861,,338.3104,110.6829,38.52219,,64.46045,,,
1.632976,4.71933,-3.520206,,5.878961,3.609816,-0.9883966,,345.533,239.3423,347.507,,337.8329,105.5002,39.21915,,64.56702,,,
1.92103,4.601239,-3.483529,,5.719106,3.54054,-1.101321,,345.0228,239.2336,349.2862,,337.6172,104.871,40.10329,,64.67578,,,
2.037186,4.52928,-3.398134,,5.522087,3.448606,-1.203965,,344.4076,238.9653,350.7068,,336.8792,106.5133,40.95547,,64.79102,,,
2.264918,4.439604,-2.947337,,5.507854,3.431545,-1.205425,,343.7902,237.7112,352.0724,,336.5799,105.4222,41.00669,,64.8916,,,
2.555346,4.346084,-2.36368,,5.448274,3.411881,-1.224911,,343.5301,236.1697,354.4101,,336.5553,105.1176,41.28113,,65.00537,,,
2.676004,4.360384,-2.261008,,5.327036,3.427377,-1.276851,,343.7556,236.4418,354.5216,,336.6,105.3595,41.83067,,65.12122,,,
2.741876,4.168675,-2.313148,,5.111919,3.481158,-1.397651,,343.3959,236.8637,354.5374,,336.8214,104.6587,42.48807,,65.22742,,,
2.783164,4.07936,-2.276156,,5.018041,3.479755,-1.44092,,342.9661,236.8678,354.4947,,336.9113,104.5227,41.64214,,65.33435,,,
2.84095,3.959406,-2.115947,,5.002934,3.481728,-1.476465,,342.7516,236.2541,354.7281,,337.0304,103.6287,41.39396,,65.43909,,,
2.894947,3.871509,-1.965247,,4.981603,3.488575,-1.50822,,342.9254,235.9734,354.8618,,337.0824,102.8198,41.46371,,65.54614,,,
2.962604,3.729697,-1.767197,,4.954729,3.533648,-1.550794,,343.0472,235.4432,355.0904,,337.0866,101.7871,41.67895,,65.6626,,,
3.007284,3.638417,-1.6443,,4.939682,3.608961,-1.561949,,343.3089,235.3484,355.5976,,337.3574,101.2549,41.81779,,65.77063,,,
3.041166,3.607435,-1.558376,,4.931217,3.638973,-1.538607,,343.3986,235.2029,355.9706,,337.8894,100.998,41.60986,,65.87073,,,
3.061521,3.590703,-1.502364,,4.89929,3.636774,-1.455726,,343.578,235.2653,357.0102,,338.1915,103.0445,41.4017,,65.97876,,,
3.061522,3.590705,-1.502364,,4.90906,3.598504,-1.300591,,343.6229,235.322,357.0138,,338.5851,105.2782,41.16133,,66.08447,,,
3.043621,3.619496,-1.526346,,5.081744,3.381813,-1.067694,,343.5779,235.3596,357.3764,,338.0653,104.9609,39.88028,,66.1853,,,
3.030136,3.641068,-1.544316,,5.330778,3.417665,-0.9444971,,343.6227,235.4871,357.6729,,337.7366,105.8339,38.72417,,66.29382,,,
3.019782,3.653024,-1.566297,,5.557589,3.500802,-0.8486114,,343.6676,235.6145,358.0428,,338.3181,108.4322,39.29534,,66.41113,,,
3.008037,3.662543,-1.59827,,5.555362,3.485557,-0.6682177,,343.6676,235.7087,358.0429,,338.6936,108.718,39.66589,,66.51843,,,
2.9917,3.679214,-1.636207,,5.49131,3.376654,-0.534771,,343.6677,235.8265,358.0429,,338.9843,109.3179,39.66984,,66.62708,,,
2.981226,3.691121,-1.65815,,5.417919,3.209672,-0.4306965,,343.7124,235.9539,358.0466,,338.8774,111.0415,39.56515,,66.74451,,,
2.984331,3.695574,-1.657988,,5.371926,3.053276,-0.3819962,,343.7144,235.9606,358.1689,,338.2667,110.3308,39.4418,,66.8512,,,
2.984335,3.695573,-1.657988,,5.33327,3.009383,-0.3319674,,343.7144,235.9607,358.3154,,338.0593,110.6165,39.4402,,66.95154,,,
2.984337,3.695574,-1.657988,,5.307705,2.981554,-0.2598324,,343.7593,236.0175,358.6854,,338.3818,112.0611,39.29168,,67.05835,,,
2.984335,3.695573,-1.657988,,5.235665,2.934398,-0.208662,,343.7592,236.0175,359.1248,,338.5123,113.3333,39.29201,,67.16711,,,
2.984334,3.695574,-1.657989,,5.099099,2.848085,-0.2234344,,343.7593,236.0174,359.7841,,338.4935,111.6545,38.40125,,67.28235,,,
2.987301,3.693206,-1.650001,,5.096277,2.849542,-0.2519684,,343.7592,236.0175,0.4432422,,338.1565,107.5637,38.09494,,67.39038,,,
2.993228,3.688465,-1.634025,,5.096446,2.871553,-0.2611961,,343.8158,235.8982,0.749793,,338.1345,105.3074,38.05399,,67.49219,,,
3.022653,3.664688,-1.554093,,5.104883,2.894759,-0.2789745,,343.8606,235.743,1.26626,,338.1226,104.2596,38.1311,,67.60046,,,
3.052202,3.654466,-1.489691,,5.109136,2.906364,-0.2878494,,343.7398,235.7467,2.353,,338.1198,103.9924,38.05875,,67.70093,,,
3.179941,3.692205,-1.338154,,5.100894,2.911491,-0.2954817,,344.2725,236.1706,4.277023,,338.1321,103.8042,38.18063,,67.80811,,,
3.226003,3.673905,-1.232508,,5.102431,2.911922,-0.3005552,,344.4293,236.4224,7.20302,,338.1329,103.854,38.18036,,67.91565,,,
3.253643,3.628427,-1.148233,,5.103037,2.917295,-0.2999191,,344.3014,236.3532,7.143607,,338.1355,104.0743,38.17933,,68.03333,,,
3.269924,3.578629,-1.100561,,5.104235,2.928032,-0.2986441,,344.1252,236.3157,7.1759,,338.1406,104.5143,38.17763,,68.13611,,,
3.278106,3.50518,-1.135502,,5.105779,2.928462,-0.3037167,,343.7123,236.2918,7.098906,,338.1364,104.1239,38.17908,,68.24536,,,
3.271874,3.369188,-1.194329,,5.109458,2.934692,-0.31322,,342.4167,236.2377,6.870303,,338.1338,103.8568,38.17997,,68.36084,,,
3.220125,3.425265,-1.325286,,5.110062,2.940061,-0.3125811,,342.0239,236.507,6.798388,,338.1321,103.71,38.25394,,68.46802,,,
3.216122,3.439406,-1.339137,,5.113159,2.940922,-0.3227158,,341.8806,236.4995,6.748083,,338.1353,103.9798,38.25278,,68.57703,,,
3.270479,3.388124,-1.188085,,5.116875,2.947152,-0.3322105,,341.9257,236.1077,6.826589,,338.144,104.6427,38.24989,,68.67761,,,
3.289529,3.356807,-1.135896,,5.116867,2.947152,-0.3322115,,342.0128,236.0472,6.861539,,338.07,104.5703,38.24974,,68.78577,,,
3.335625,3.267931,-0.9936986,,5.118417,2.947583,-0.3372765,,342.0025,235.5693,6.885963,,338.1355,103.8857,38.25262,,68.90173,,,
3.391917,3.193958,-0.8601141,,5.122753,2.95918,-0.3461189,,341.8566,235.0829,6.859957,,338.1303,103.3982,38.32779,,69.00269,,,
3.435307,3.131933,-0.7865438,,5.124934,2.964981,-0.3505363,,341.8704,234.7256,6.919019,,338.0554,103.2291,38.32791,,69.11121,,,
3.494022,3.0968,-0.6511354,,5.124892,2.964984,-0.3506441,,341.8246,234.4052,6.732554,,338.1272,103.1111,38.3288,,69.21948,,,
3.549113,3.066319,-0.4935355,,5.124921,2.96498,-0.3505363,,341.8774,234.0363,6.664619,,338.1287,103.2282,38.3282,,69.32849,,,
3.613232,3.008478,-0.2793808,,5.124921,2.964982,-0.3505363,,341.7018,233.7104,6.876246,,338.1304,103.3749,38.32771,,69.44568,,,
3.620294,3.000681,-0.2549214,,5.124922,2.964981,-0.3505363,,341.3674,233.9166,8.978466,,338.0555,103.2293,38.40096,,69.56262,,,
3.61794,3.003281,-0.2630768,,5.124935,2.96498,-0.3505363,,341.1894,234.1967,8.919907,,338.1279,103.155,38.40168,,69.68225,,,
3.602885,3.016581,-0.3221073,,5.124921,2.964981,-0.3505363,,341.1124,234.6236,8.810197,,338.1287,103.2281,38.40148,,69.79053,,,
3.553987,3.079953,-0.4907017,,5.124921,2.96498,-0.3505335,,340.7026,235.1888,8.464522,,338.1288,103.2283,38.3281,,69.89172,,,
3.521912,3.113211,-0.5964336,,5.124926,2.96498,-0.3505373,,340.3113,235.3937,8.308984,,338.127,103.0816,38.40202,,69.99231,,,
3.491264,3.216587,-0.7001429,,5.123984,2.969919,-0.3448267,,339.7023,235.4802,8.035661,,338.127,103.105,38.4021,,70.10181,,,
3.473948,3.241258,-0.7647619,,5.131011,2.986351,-0.3412647,,339.65,235.7522,7.993144,,338.0474,103.1883,38.52393,,70.20215,,,
3.443812,3.346446,-0.8782783,,5.1794,3.01198,-0.327877,,339.5705,236.1857,7.796082,,337.8068,105.0107,39.0238,,70.31543,,,
3.403361,3.402697,-1.013604,,5.542263,3.040763,-0.09722328,,339.3854,236.49,7.709918,,337.8578,110.0039,37.75467,,70.43103,,,
3.363035,3.446875,-1.143006,,5.713693,3.062972,-0.007264137,,339.2521,236.7105,7.666838,,338.2487,111.2279,38.18692,,70.53833,,,
3.346756,3.533426,-1.277749,,5.743268,3.066218,0.006996155,,338.9982,236.9767,7.370311,,338.301,111.3746,38.25932,,70.64563,,,
3.323231,3.61785,-1.421086,,5.753592,3.067454,0.01014328,,338.8403,237.2384,7.123044,,338.2321,110.4381,38.29568,,70.76184,,,
3.095638,3.722413,-2.027452,,5.753598,3.067455,0.01014423,,338.2633,238.3674,7.143214,,338.203,108.816,38.32114,,70.86987,,,
2.902597,3.767512,-2.494123,,5.753599,3.067456,0.01014423,,337.8486,238.8903,7.426034,,338.1024,108.3802,38.39938,,70.97144,,,
2.711967,3.804286,-2.922469,,5.748443,3.066839,0.008571625,,337.7062,238.5622,7.806425,,338.1533,107.9246,38.50603,,71.07922,,,
2.585484,3.882804,-3.206015,,5.742635,3.060857,0.006356239,,337.6364,238.4595,7.98924,,338.1406,107.6213,38.53544,,71.18896,,,
2.272405,4.000997,-3.815384,,5.69869,3.030197,-0.03030109,,337.5649,238.6805,8.42464,,338.0457,107.4552,38.75153,,71.30505,,,
1.743653,4.217991,-4.725109,,5.725611,3.032578,-0.1225338,,337.8296,238.6948,8.99621,,337.6079,110.8009,38.60942,,71.42163,,,
1.067477,4.463879,-5.820218,,5.8107,3.048613,-0.2324171,,338.1797,237.9612,9.182161,,337.1872,111.2105,38.43633,,71.52307,,,
0.4251404,4.73429,-6.7485,,5.948909,3.073793,-0.2545881,,338.5294,237.1201,9.127578,,336.8546,111.7064,38.0158,,71.63074,,,
-0.6218214,5.029311,-8.110584,,6.124377,3.103363,-0.3563213,,339.0659,235.2778,8.540314,,336.48,111.3353,38.66851,,71.73767,,,
-2.023786,5.67941,-9.271555,,6.201211,3.118872,-0.4641819,,339.8258,234.0485,7.709052,,336.259,111.9228,39.85845,,71.84399,,,
-6.119572,6.445489,-10.19106,,6.282274,3.136822,-0.6269426,,346.655,230.2029,8.041072,,335.7591,110.551,40.18505,,71.95129,,,
-8.814692,5.989896,-10.01009,,6.396306,3.164577,-0.775506,,351.5334,224.9484,7.56871,,335.2441,107.7108,40.09594,,72.05811,,,
-11.63953,4.716587,-8.518852,,6.58233,3.228678,-0.8536491,,356.7242,216.3226,7.511806,,334.9185,108.6123,40.00634,,72.1582,,,
-12.30927,3.935392,-7.141016,,6.799069,3.377664,-0.8970909,,356.1355,210.5339,8.972423,,335.0896,109.4017,40.4255,,72.26465,,,
-12.44348,3.221495,-5.481444,,6.901116,3.529171,-1.02539,,354.879,206.7059,10.86479,,335.8472,111.362,40.68306,,72.36804,,,
-12.9868,2.303676,-4.133453,,6.984311,3.686912,-1.149584,,357.0575,204.0745,13.34332,,336.035,112.1655,40.52645,,72.4729,,,
-12.91421,0.8189726,-3.070879,,7.097242,3.897865,-1.430937,,351.4601,198.5148,15.78097,,336.4705,113.6042,38.65829,,72.57861,,,
-12.89629,0.8027296,-2.871993,,7.23715,3.97208,-1.702259,,346.3927,195.2432,18.28106,,336.6204,114.6973,36.2718,,72.6842,,,
-12.81767,0.6912508,-2.450393,,7.889647,4.303995,-3.3658,,341.1441,188.1564,34.65131,,335.1724,114.3649,27.93486,,72.80066,,,
-12.78632,0.6964417,-2.231319,,8.594237,5.15046,-4.924753,,335.5656,179.939,47.07119,,335.5957,122.2727,21.97162,,72.90112,,,
-12.78632,0.6964397,-2.23132,,10.00752,5.172577,-5.879662,,335.6389,179.9952,56.91528,,338.9074,131.8644,11.89322,,73.01636,,,
-12.78632,0.6964407,-2.231318,,11.06913,5.111082,-5.663153,,335.6389,179.9954,63.72694,,340.812,139.7246,6.281405,,73.1377,,,
-12.78632,0.6964426,-2.231317,,11.62091,5.310036,-4.882817,,335.6387,179.9389,67.14034,,341.7356,144.1672,4.463873,,73.25317,,,
-12.78632,0.6964512,-2.231314,,11.48026,5.106989,-4.462409,,335.5656,179.9949,67.31651,,340.04,147.5588,4.76194,,73.3584,,,
-12.78632,0.6964407,-2.231318,,11.42057,5.486583,-4.45539,,335.6389,179.939,67.43346,,337.9782,147.9038,5.226793,,73.46313,,,
-12.78632,0.6964417,-2.231319,,11.89915,6.612184,-4.690312,,335.5656,179.9391,67.43311,,337.3778,145.9089,6.314259,,73.56982,,,
-12.78632,0.6964445,-2.231318,,12.21337,6.071106,-4.204832,,335.639,179.939,67.43358,,342.3056,150.3939,4.296527,,73.67517,,,
-12.78632,0.6964417,-2.231318,,12.06483,5.617922,-3.477223,,335.6388,180.0514,67.41841,,340.5138,153.6941,357.7353,,73.79224,,,
-12.78632,0.6964436,-2.231318,,11.97105,5.487278,-2.365024,,335.5657,179.9953,67.38928,,335.6389,179.9951,358.1727,,73.89221,,,
-12.78632,0.6964407,-2.231318,,11.97105,5.487283,-2.365022,,335.6389,179.9953,67.46243,,335.6389,179.9953,347.4788,,74.01257,,,
-12.78632,0.6964455,-2.231317,,11.97105,5.487278,-2.365022,,335.6389,179.9953,67.46239,,335.6389,179.9951,345.5745,,74.12854,,,
-12.78632,0.6964464,-2.231319,,11.97105,5.487273,-2.365023,,335.6389,179.9953,67.4624,,335.6389,179.9951,347.9916,,74.24487,,,
-12.78632,0.6964407,-2.231318,,11.97105,5.487274,-2.36503,,335.6389,179.9953,67.46248,,335.8585,179.8825,41.54896,,74.3468,,,
-12.78632,0.6964407,-2.231318,,11.97105,5.487274,-2.365023,,335.5657,179.9953,67.38927,,336.0047,179.713,49.88498,,74.45349,,,
-12.78632,0.6964407,-2.231316,,11.97105,5.487277,-2.365021,,335.5656,179.9952,67.46258,,336.0047,179.713,51.42318,,74.55945,,,
-12.78632,0.6964417,-2.231317,,11.97105,5.487276,-2.365022,,335.6388,180.0514,67.41843,,336.0049,179.7131,51.56925,,74.66321,,,
-12.78632,0.6964388,-2.231318,,11.97105,5.487276,-2.365025,,335.5655,179.9951,67.46262,,336.0048,179.7127,51.64293,,74.77136,,,
-12.78632,0.6964407,-2.231318,,11.97105,5.487278,-2.365042,,335.5656,180.0514,67.41844,,336.0048,179.6564,51.61356,,74.87939,,,
-12.78632,0.6964426,-2.231315,,11.97105,5.487277,-2.36503,,335.5655,179.995,67.46262,,336.005,179.7123,51.64299,,74.99548,,,
-12.78632,0.6964407,-2.231318,,11.97105,5.487274,-2.365021,,335.5656,180.0514,67.41843,,336.0048,179.713,51.71589,,75.11169,,,
-12.78632,0.6964407,-2.231318,,11.97106,5.487274,-2.365032,,335.5656,179.9952,67.46249,,336.0049,179.7125,51.64298,,75.22046,,,
-12.78632,0.6964407,-2.231318,,11.97105,5.487274,-2.365021,,335.6388,179.9952,67.46253,,336.0048,179.713,51.71589,,75.32507,,,
-12.78632,0.6964426,-2.231318,,11.97105,5.487274,-2.365025,,335.6389,179.9952,67.53587,,336.0047,179.7129,51.643,,75.42871,,,
-12.78632,0.6964417,-2.231317,,11.97105,5.487274,-2.365021,,335.6389,179.9953,67.46241,,336.0049,179.713,51.71585,,75.53406,,,

