-9.812878,6.64158,-0.5278063,,7.455966,6.848928,0.4566822,,335.6389,179.9952,108.9193,,335.6389,179.939,316.9065,,0.0078125,,77.26741,79.2038,73.55565,
-9.783754,6.646625,-0.523499,,7.455966,6.848928,0.4566822,,335.6389,179.9953,108.9193,,335.6389,179.939,316.9065,,0.1132813,,80.26759,82.36921,79.19801,
-9.817568,6.640767,-0.5284996,,7.455966,6.848928,0.4566822,,335.6389,179.9952,108.9194,,335.7121,179.9389,316.9065,,0.2226563,,82.54043,84.73051,84.08976,
-9.732399,6.722635,-0.6454115,,7.455966,6.848928,0.4566822,,334.5488,179.8825,108.2764,,335.6389,179.939,316.9064,,0.3320313,,84.12142,86.51134,88.50981,
-8.182343,7.982388,-2.873891,,7.455966,6.848928,0.4566822,,318.9596,176.3347,90.26218,,335.6389,179.939,316.9064,,0.4335938,,84.44806,86.97766,90.00702,
-6.168526,8.315437,-5.090016,,7.455966,6.848928,0.4566822,,318.2398,178.9066,76.70978,,335.6389,179.939,316.9797,,0.5390625,,84.03016,86.47819,89.09283,
-5.816463,7.980501,-5.453941,,7.455966,6.848928,0.4566822,,323.8397,180.1945,74.73073,,335.6389,179.939,316.9065,,0.640625,,83.1383,85.44536,86.47497,
-3.709543,7.597768,-5.802723,,7.455966,6.848928,0.4566822,,323.4727,190.4752,51.6321,,335.6389,179.9952,316.9356,,0.7421875,,81.01751,83.16658,80.38619,
-2.457878,6.654241,-5.911854,,7.455966,6.848928,0.4566822,,324.7587,206.1506,40.48292,,335.7121,179.9389,316.9065,,0.8476563,,78.63168,80.61974,75.68545,
-2.74543,4.794335,-5.138353,,7.455966,6.848928,0.4566822,,323.3102,202.643,48.2379,,335.5656,180.0515,316.5253,,0.953125,,77.45385,79.41065,73.96377,
-2.725684,3.937274,-4.467739,,7.455966,6.848928,0.4566822,,321.7405,197.5925,53.50216,,335.6388,180.1077,279.9318,,1.058594,,79.04532,81.08221,76.69395,
-2.774956,3.497983,-4.034067,,7.455966,6.848928,0.4566822,,319.5608,197.1932,54.93866,,335.6389,179.9952,262.3679,,1.164063,,81.95298,84.1612,82.41012,
-3.260962,3.450558,-3.597734,,7.455966,6.848928,0.4566822,,320.4247,195.9063,56.66591,,335.6389,180.0515,240.0573,,1.269531,,83.32811,85.59213,85.39847,
-3.617254,3.9298,-3.225751,,7.455966,6.848928,0.4566822,,319.7008,197.091,54.6622,,335.6389,179.9952,239.8084,,1.371094,,83.51667,85.88526,87.19453,
-4.435817,4.772669,-2.423621,,7.326465,7.06632,0.3350563,,322.3771,195.8389,50.90923,,333.7881,179.4495,244.7849,,1.472656,,82.90258,85.36809,86.6805,
-4.441879,5.645926,-2.187896,,6.595475,7.425002,-0.2246642,,322.8647,199.2025,34.15346,,327.316,175.125,261.5557,,1.582031,,81.81442,84.03659,83.08742,
-4.408976,5.763617,-2.185571,,6.378485,7.584207,-0.4454794,,324.0988,200.1283,26.76475,,325.2761,172.2525,271.9514,,1.6875,,80.33553,82.41454,78.80814,
-4.160112,5.766756,-1.928942,,5.921,7.971861,-0.8446722,,324.1434,199.9669,17.67993,,321.7387,167.386,291.1689,,1.796875,,78.03557,79.94946,74.81635,
-3.868834,5.690761,-1.640899,,5.394779,8.509386,-1.286376,,324.7545,199.8322,10.625,,317.7671,160.6687,312.989,,1.902344,,78.19331,80.13132,75.40811,
-3.587966,5.233698,-1.473723,,4.887086,8.705526,-1.70031,,324.4708,199.5199,5.749814,,316.2931,155.3669,332.6133,,2.007813,,80.66042,82.8082,79.69818,
-3.772963,4.667821,-1.097449,,4.865574,8.705079,-1.699998,,322.9858,197.9775,5.108473,,317.2455,154.6001,336.7439,,2.113281,,82.17363,84.44575,82.70392,
-3.876425,4.593265,-0.9683809,,4.684136,8.705587,-1.85166,,320.499,198.7507,5.23405,,316.628,152.8817,339.5971,,2.21875,,82.63496,85.13982,84.67463,
-3.907532,4.568622,-0.9899473,,4.504648,8.715174,-2.001692,,320.1928,199.0467,5.273598,,315.6992,151.4579,342.0357,,2.324219,,81.99858,84.66637,84.51372,
-3.942702,4.536845,-0.8681521,,4.184742,8.779263,-2.269097,,320.3844,198.2231,7.486573,,314.6516,149.573,344.8343,,2.429688,,81.09168,83.4072,81.6425,
-4.016953,4.310472,-0.7728629,,3.649049,8.922715,-2.716878,,320.7812,197.9932,11.3026,,313.6127,146.2301,348.7221,,2.535156,,79.49113,81.43428,77.10394,
-4.184306,4.073123,-0.6512694,,3.419438,8.956976,-2.85911,,321.0296,197.7117,14.98427,,314.9974,145.0865,350.7143,,2.640625,,78.35468,80.46317,75.69963,
-4.273883,3.879675,-0.5487452,,3.346716,8.966899,-2.898165,,320.5062,197.4229,17.46411,,316.4527,144.2141,353.096,,2.746094,,79.43643,81.46649,77.72465,
-4.238088,3.758441,-0.3949685,,3.309368,8.973089,-2.929123,,320.6316,197.2564,18.52291,,316.2791,143.3809,354.4473,,2.847656,,81.07696,82.90644,80.11304,
-4.195216,3.69929,-0.1497402,,3.224127,8.986005,-2.978194,,320.8329,197.4367,19.56934,,316.0101,142.0721,355.6303,,2.957031,,81.92739,83.99367,82.12305,
-4.203279,3.582738,0.05453873,,3.188012,8.99122,-2.993636,,321.2083,197.0391,20.45763,,316.0783,141.4019,356.137,,3.0625,,82.29855,83.70634,82.12298,
-4.257838,3.473144,0.2180519,,3.150671,8.998082,-3.024461,,321.5233,196.8026,21.18696,,316.0944,140.002,357.6628,,3.167969,,82.78043,82.70251,81.08693,
-4.31798,3.327317,0.3130341,,3.146522,8.998856,-3.027885,,321.5071,196.3637,21.79098,,316.1863,138.7064,358.9572,,3.269531,,82.07224,82.08504,80.18105,
-4.437698,3.17955,0.4060764,,3.138228,9.000409,-3.034732,,321.4898,196.0266,22.39508,,316.2077,138.0368,359.453,,3.375,,79.05609,81.95674,80.56194,
-4.652247,3.186229,0.5867729,,3.129934,9.001971,-3.041579,,321.8131,195.3789,23.48722,,316.2162,137.5271,359.7809,,3.480469,,79.61022,84.61713,79.16294,
-4.706662,3.194388,0.6827726,,3.092622,9.009109,-3.072378,,321.9437,195.1876,23.96152,,316.2951,137.2681,0.0478694,,3.585938,,78.43418,85.60655,83.12193,
-4.696578,3.151637,0.697876,,3.083764,9.011528,-3.086968,,321.7985,195.5867,24.11421,,316.244,137.1987,0.1874084,,3.695313,,79.00375,84.68378,86.1176,
-4.681794,3.177264,0.7287674,,3.079622,9.012339,-3.090391,,321.3997,196.0688,24.30765,,316.3071,137.1164,0.3580534,,3.796875,,79.49708,87.63787,85.00879,
-4.649005,3.154761,0.7737188,,3.071903,9.013152,-3.089481,,321.3383,196.1198,24.38743,,316.2976,137.0446,0.537722,,3.898438,,80.06902,87.54044,83.48473,
-4.577623,3.122766,0.8393173,,3.071903,9.013152,-3.089481,,321.1694,196.2903,24.43394,,316.225,137.0315,0.6200195,,4.003906,,80.03049,85.83846,83.20348,
-4.500272,3.118028,0.9489641,,3.068327,9.013152,-3.085148,,321.2276,196.4328,24.58278,,316.2175,137.1351,0.9751935,,4.109375,,79.65524,82.94929,80.51208,
-4.494501,3.131755,0.9850092,,3.068328,9.013152,-3.085148,,321.3001,196.4751,23.70016,,316.1298,137.2822,1.987519,,4.21875,,0.1374919,80.84177,75.90044,
-4.43289,3.119082,0.9633579,,3.068327,9.013152,-3.085148,,320.9392,196.3053,21.62805,,316.0797,137.0288,2.908829,,4.320313,,0.1888371,81.26503,76.16471,
-4.428078,3.112645,0.9605064,,3.068327,9.013152,-3.085148,,320.7124,196.6144,19.98644,,316.045,136.6152,3.485896,,4.425781,,0.1560011,82.25842,78.49146,
-4.439051,3.101743,0.9412661,,3.079059,9.013152,-3.098143,,320.8148,196.5359,19.64387,,316.4042,135.8781,3.913433,,4.535156,,0.1303443,84.47681,81.42941,
-4.407268,3.146686,0.9063997,,3.086222,9.013152,-3.106799,,320.2824,197.3204,19.03139,,316.71,135.7244,3.82522,,4.636719,,0.1488597,86.47798,83.44853,
-4.410114,3.157078,0.9027624,,3.098079,9.011528,-3.104267,,320.9284,197.9845,18.84837,,316.5408,135.5325,3.755529,,4.742188,,0.1338804,86.5408,83.79209,
-4.378508,3.391454,0.8207769,,3.116554,9.01072,-3.118105,,322.0839,198.577,18.08398,,316.1943,135.3873,3.705552,,4.847656,,0.1218398,85.14124,82.08205,
-4.334827,3.416698,0.7147331,,3.112967,9.01072,-3.11379,,323.2497,198.9691,17.4062,,316.1064,135.5572,3.693389,,4.949219,,0.1311783,83.26652,81.18655,
-4.248271,3.424968,0.4769249,,3.110939,9.00596,-3.115476,,323.796,199.5482,16.16722,,316.1757,134.8388,3.78942,,5.054688,,0.1364939,81.62953,80.56505,
-3.774658,3.513147,-0.08783531,,3.115072,9.005154,-3.112041,,323.2991,201.5503,7.29946,,316.2308,134.4561,3.819038,,5.15625,,0.1202904,80.338,79.39977,
-3.493091,3.698465,-0.4893255,,3.117266,8.989262,-3.110218,,321.6743,200.5873,3.687627,,316.367,134.1832,3.804973,,5.265625,,0.167065,83.39154,78.036,
-3.396806,3.851314,-0.7248578,,3.121492,8.978135,-3.106706,,321.781,200.0998,2.605216,,316.6326,134.0963,3.751437,,5.371094,,0.1652328,83.73873,80.72896,
-2.836252,3.881496,-1.247782,,3.125726,8.967012,-3.103188,,321.3209,201.088,359.5481,,316.7424,133.3342,3.806175,,5.472656,,0.1195279,84.97414,83.52271,
-1.726696,3.964887,-2.044065,,3.142728,8.922567,-3.089058,,319.3552,204.9773,355.0827,,317.2421,131.9205,3.785036,,5.578125,,0.08032972,87.02941,85.98701,
-0.9095001,4.383058,-2.678308,,3.1477,8.900373,-3.077658,,318.8786,208.496,354.0865,,317.278,131.5222,4.047977,,5.6875,,0.09728529,87.15338,86.67789,
0.1366434,4.846257,-3.510739,,3.144847,8.889283,-3.0655,,318.9325,212.0989,351.65,,317.2594,131.3522,4.256522,,5.792969,,0.1121728,85.79651,87.26369,
1.207585,5.224704,-4.113027,,3.154023,8.866364,-3.050643,,320.0452,214.4289,348.8651,,318.0203,131.2586,3.94815,,5.902344,,0.106208,84.41835,85.87493,
1.632344,5.164412,-4.01366,,3.198081,8.73102,-2.963755,,323.775,212.6311,348.9087,,319.7755,129.468,3.509462,,6.007813,,0.09384096,84.20065,82.9688,
2.059587,5.243049,-3.783095,,3.3057,8.657722,-2.875143,,327.4603,211.9949,350.3449,,319.7625,129.4022,3.158982,,6.121094,,0.1007093,82.57936,78.3465,
2.400065,5.171042,-3.716341,,3.343214,8.652224,-2.844254,,327.2102,213.2475,350.7977,,318.6316,129.6733,3.325827,,6.222656,,0.1021103,81.31123,76.67618,
2.901221,5.077827,-3.554324,,3.355318,8.64517,-2.756761,,324.8087,215.9588,348.9939,,317.8261,130.4313,4.69641,,6.328125,,0.09711593,80.9013,76.68911,
3.138891,4.779009,-3.268961,,3.317589,8.64517,-2.710301,,322.8326,217.5226,350.8493,,317.8162,131.8074,5.180981,,6.4375,,0.08926885,82.17483,80.06371,
3.287457,4.697205,-3.022767,,3.317589,8.64517,-2.710301,,322.2485,217.2798,351.9469,,317.6822,131.6324,5.354675,,6.539063,,0.08607063,83.80522,82.54811,
3.531415,4.581179,-2.582507,,3.32101,8.64517,-2.714532,,322.9311,215.7797,355.2588,,317.868,130.1494,5.621827,,6.644531,,0.08972739,84.74007,83.91441,
3.707631,4.607456,-2.259873,,3.31417,8.64517,-2.706069,,324.0689,215.1262,358.1144,,317.8131,129.9545,5.575261,,6.75,,0.09993052,84.44486,83.25358,
3.783099,4.611255,-2.074244,,3.310753,8.64517,-2.701836,,324.9238,215.2411,2.097322,,317.6194,130.5757,5.609427,,6.855469,,0.1195241,83.47741,80.58482,
3.820913,4.608376,-1.986129,,3.306548,8.645745,-2.705229,,325.3172,215.0919,4.65439,,317.6237,131.266,5.492878,,6.957031,,0.1245404,82.00654,78.09093,
3.726474,4.472081,-1.764214,,3.32366,8.645745,-2.726391,,325.6431,214.1117,7.384089,,318.2303,130.9201,5.465384,,7.066406,,0.1245979,80.90401,77.58282,
3.740942,4.392833,-1.54436,,3.347691,8.645746,-2.755959,,325.0784,213.2925,7.933108,,318.6245,130.4192,5.46529,,7.167969,,0.122995,82.03864,79.03586,
3.844765,4.379102,-1.306155,,3.351132,8.645745,-2.760176,,324.814,213.0343,7.767902,,318.7153,130.1742,5.478439,,7.273438,,0.1219639,83.23361,80.45872,
3.973898,4.325953,-0.9930058,,3.347691,8.645745,-2.755959,,324.9756,212.5444,7.7064,,318.7274,130.0434,5.491566,,7.378906,,0.1188423,83.52871,81.12759,
4.037675,4.177325,-0.8489251,,3.346945,8.646323,-2.763592,,324.5465,212.7884,7.312789,,318.7975,129.8598,5.522082,,7.484375,,0.1168404,82.79295,79.73003,
4.034965,3.957623,-0.839386,,3.346945,8.646323,-2.763592,,324.2472,212.7342,7.251196,,318.8764,129.7927,5.595221,,7.59375,,0.1151977,81.76508,77.78717,
4.039228,3.772284,-0.841249,,3.350388,8.646323,-2.767811,,323.8398,212.3434,7.195008,,318.8218,129.5277,5.62142,,7.695313,,0.1134946,80.94589,76.66092,
4.040337,3.691182,-0.8416047,,3.360727,8.646323,-2.780458,,323.3427,211.7297,7.326501,,319.0525,129.3332,5.687686,,7.800781,,0.1114557,81.6989,78.3297,
4.061602,3.674371,-0.7908697,,3.360727,8.646323,-2.780458,,323.1572,211.3101,7.209291,,319.1254,129.3433,5.607838,,7.90625,,0.1113433,82.85846,80.01818,
4.100672,3.636652,-0.6961799,,3.357279,8.646323,-2.776244,,323.2225,210.9625,7.087554,,319.1254,129.3669,5.60784,,8.011719,,0.1106819,83.66833,81.3456,
4.150939,3.528408,-0.5719953,,3.348186,8.64807,-2.790724,,323.2225,210.5856,7.160812,,319.373,129.3366,5.726889,,8.117188,,0.11083,83.45509,81.45803,
4.185643,3.506189,-0.4842153,,3.357839,8.648657,-2.811017,,323.2525,210.3533,7.147218,,319.5102,129.1699,5.670992,,8.21875,,0.1115959,83.13741,80.47829,
4.217086,3.500349,-0.4036007,,3.37864,8.648657,-2.83628,,323.2825,210.1917,7.060441,,319.5892,128.9616,5.67092,,8.320313,,0.112802,82.69453,79.46259,
4.267615,3.46829,-0.2710543,,3.37864,8.648657,-2.83628,,323.438,209.9247,5.72633,,319.5164,128.9515,5.677488,,8.425781,,0.1119885,82.65501,79.82533,
4.298346,3.385512,-0.2153988,,3.37864,8.648657,-2.83628,,323.2968,209.6624,5.014523,,319.377,128.8542,5.770427,,8.527344,,0.1098749,82.62811,80.38584,
4.342532,3.28504,-0.1056423,,3.382114,8.648657,-2.840485,,323.068,209.1863,4.611739,,319.3707,128.9076,5.763936,,8.632813,,0.09266751,80.86005,81.8083,
4.396456,3.306634,-0.05830288,,3.382113,8.648657,-2.840486,,322.9475,209.1555,4.394059,,319.4498,128.8408,5.763815,,8.738281,,0.07814485,81.25051,80.98694,
4.423626,3.314418,-0.0260334,,3.389065,8.648657,-2.848892,,323.0577,209.1767,4.410376,,319.4498,128.7937,5.76381,,8.839844,,0.07114521,81.19775,80.31976,
4.418285,3.313989,-0.04099083,,3.390322,8.654069,-2.854932,,323.1371,209.6513,4.21757,,319.1377,128.7905,5.808075,,8.941406,,0.07353937,81.00742,80.52618,
4.33722,3.304961,-0.2045374,,3.366006,8.654069,-2.825487,,323.1552,210.6712,4.174119,,319.0215,129.4851,5.768679,,9.046875,,0.1095463,80.44418,80.52564,
4.259307,3.297357,-0.3691187,,3.355611,8.65407,-2.812846,,323.1776,211.1869,4.257037,,319.4523,129.6939,5.722241,,9.148438,,0.1207754,80.41084,78.89051,
4.248386,3.336098,-0.4664931,,3.343283,8.649246,-2.801789,,323.2784,211.09,4.344736,,319.5795,130.016,5.616087,,9.25,,0.1237747,80.30157,77.67897,
4.193648,3.35827,-0.6060743,,3.348689,8.654069,-2.804412,,323.2522,211.2748,4.262925,,318.8696,129.6831,5.70226,,9.359375,,0.124611,81.23326,78.02589,
4.193539,3.353243,-0.6059446,,3.40359,8.65466,-2.879376,,323.478,211.2233,3.95812,,318.8069,128.9241,5.686523,,9.46875,,0.1239589,81.94003,79.52179,
4.199496,3.358264,-0.5914025,,3.378676,8.658253,-2.900096,,323.6129,210.9042,4.058868,,318.7794,128.9934,5.811357,,9.570313,,0.1247862,81.92171,79.59029,
4.221484,3.388953,-0.5236087,,3.36816,8.664902,-2.908843,,323.8165,210.5521,4.159447,,318.6779,129.6417,5.894879,,9.675781,,0.1223263,81.32019,78.99249,
4.25629,3.415721,-0.4355927,,3.374527,8.665514,-2.924925,,324.255,210.735,4.198609,,319.2648,129.4314,5.810905,,9.78125,,0.1139438,81.55195,78.72189,
4.364315,3.411351,-0.1220217,,3.399129,8.665514,-2.954346,,324.5788,210.2831,4.173395,,319.6609,128.9091,5.884452,,9.886719,,0.1004627,82.53621,78.51349,
4.46311,3.411007,0.1525984,,3.395609,8.665514,-2.950147,,324.7006,209.7038,4.196224,,319.5946,128.845,5.824821,,9.988281,,0.09539074,83.81775,78.95976,
4.517222,3.399789,0.3091345,,3.396858,8.66429,-2.934817,,324.6271,209.6002,4.075675,,319.2662,128.7935,5.817891,,10.08984,,0.1163706,83.69977,81.20488,
4.544663,3.33784,0.4081554,,3.394924,8.659469,-2.936434,,324.2782,209.4348,3.995374,,319.2662,128.7935,5.89114,,10.19922,,0.1122409,83.56322,84.66163,
4.539549,3.299864,0.4115067,,3.398438,8.659469,-2.940633,,323.7465,209.091,4.060539,,319.3454,128.7033,5.891065,,10.30469,,0.05282845,0.1673613,86.58736,
4.549439,3.298697,0.4405804,,3.398438,8.659469,-2.940634,,323.0779,208.7765,3.900804,,319.5039,128.5699,5.890921,,10.40625,,0.04676203,0.2167144,88.18966,
4.544734,3.295472,0.4414892,,3.401954,8.659469,-2.944831,,322.9638,208.4655,3.90664,,319.6495,128.5673,5.950588,,10.51563,,0.1208662,0.2399802,87.41634,
4.521293,3.287185,0.43365,,3.412512,8.659469,-2.957414,,322.9637,208.3723,3.810597,,319.6624,128.3423,5.890782,,10.625,,0.1613022,0.2157278,85.32006,
4.512058,3.283246,0.4373655,,3.412512,8.659469,-2.957414,,322.8184,208.349,3.315647,,319.7352,128.3528,5.884022,,10.72266,,0.1575533,0.2083546,80.56097,
4.500197,3.277501,0.4322462,,3.408378,8.660079,-2.960887,,322.4776,208.4755,2.450809,,319.7207,128.3373,5.907991,,10.83203,,0.1303499,0.1968559,76.7526,
4.505419,3.313363,0.4311752,,3.415427,8.660079,-2.969273,,322.37,208.651,2.285087,,319.7142,128.3673,5.901256,,10.93359,,0.1285289,0.2201518,76.99696,
4.476009,3.312398,0.3735409,,3.422485,8.660079,-2.977651,,323.0729,209.4544,2.463591,,320.0718,128.4494,5.787754,,11.03125,,0.1478044,0.2469941,80.6314,
4.458705,3.350923,0.3220491,,3.426016,8.660079,-2.981839,,323.3287,209.6639,2.514228,,320.0783,128.3487,5.794469,,11.13672,,0.1390112,0.2322503,82.631,
4.44552,3.39867,0.2508183,,3.426016,8.660079,-2.981839,,323.2795,210.0242,2.421564,,320.0783,128.3487,5.794469,,11.24219,,0.07707932,0.2059386,84.2159,
4.40362,3.450381,0.1160688,,3.430143,8.659469,-2.978358,,323.0165,210.421,2.269356,,320.1721,128.2972,5.770736,,11.34375,,0.06999883,0.2067178,84.9593,
4.295166,3.559001,-0.2813931,,3.426614,8.65947,-2.974172,,322.4626,211.3705,2.070871,,320.3713,128.5827,5.73104,,11.44531,,0.08020754,0.2685751,83.9305,
4.212265,3.631192,-0.5615969,,3.426614,8.659469,-2.974172,,321.8306,211.6659,1.89372,,320.4786,129.0654,5.604569,,11.55078,,0.09318146,0.2705057,81.73436,
4.137061,3.660433,-0.7861748,,3.426614,8.659469,-2.974172,,321.3349,212.1046,1.281598,,320.5514,129.0755,5.598142,,11.65234,,0.1017551,0.2139678,80.09429,
4.047352,3.812299,-1.109541,,3.426614,8.659469,-2.974172,,320.6427,212.3451,0.4783897,,320.83,129.2697,5.559245,,11.75781,,0.1202454,0.175207,79.87635,
3.978602,4.220153,-1.71594,,3.433059,8.64017,-2.997405,,320.2716,213.8393,359.5274,,321.1942,129.2252,5.527999,,11.86719,,0.1264234,0.2010258,78.44582,
3.68546,4.549423,-2.409404,,3.43794,8.625686,-3.014817,,320.5328,214.7262,359.8107,,321.1752,129.3855,5.507813,,11.97266,,0.1248034,0.2184244,80.19909,
3.147583,4.804117,-3.497207,,3.427821,8.578558,-2.987484,,319.4316,215.0383,0.3848846,,320.9068,129.4645,5.406694,,12.07813,,0.1156501,0.2561627,83.6779,
2.676959,4.820717,-4.244637,,3.334324,8.431161,-2.965611,,318.9443,215.7665,0.9029203,,320.4476,129.6933,5.386775,,12.17969,,0.1043238,0.2591121,84.33949,
2.176583,4.813331,-4.942945,,3.168424,8.173517,-2.988175,,318.7181,216.7447,1.237357,,319.1819,130.5601,5.499402,,12.28125,,0.09313875,0.2453159,83.80965,
1.516322,4.739722,-5.597614,,2.83053,7.798096,-2.857646,,318.2203,217.0208,0.8109089,,317.9386,131.3618,5.69169,,12.38672,,0.09287872,0.223627,82.2913,
1.066854,4.646852,-5.854802,,2.366208,7.428286,-2.526034,,317.9407,216.8737,0.521077,,317.4161,133.0402,5.850935,,12.48828,,0.09368348,0.206887,80.62881,
0.3881435,4.480386,-6.105444,,1.883691,6.906664,-2.224102,,317.7848,216.2085,1.693429,,317.2427,134.6057,3.841839,,12.59766,,0.1057023,0.2000778,78.27036,
-0.1935554,4.30977,-6.163967,,1.642345,6.674236,-2.236744,,317.8275,215.414,2.455594,,316.8806,134.2285,1.322414,,12.70313,,0.115755,0.2324307,76.52939,
-0.7674708,4.143014,-6.164954,,1.503019,6.25546,-2.292547,,316.7259,214.1918,2.061619,,316.3229,135.0756,356.6786,,12.80859,,0.1181252,0.2403231,77.28234,
-0.9632511,4.078318,-6.116239,,1.405361,5.993635,-2.27781,,316.2375,213.6657,1.363167,,316.0835,135.5308,353.532,,12.90625,,0.1184239,0.2409637,79.6821,
-1.02989,4.046422,-6.061031,,1.329157,5.763382,-2.291314,,315.7697,213.2493,0.9000376,,316.2031,137.229,349.7977,,13.01172,,0.1184497,0.2290564,81.37554,
-1.070141,4.032037,-6.020207,,1.234681,5.653053,-2.359286,,315.4095,213.1009,0.4103647,,316.1003,137.8337,348.7546,,13.11719,,0.1173344,0.216317,81.28727,
-1.155488,3.997885,-5.945734,,0.8747398,5.678484,-2.591046,,315.0777,212.8391,359.5673,,315.5438,136.9313,349.6104,,13.23047,,0.1168765,0.2047758,79.85781,
-1.243023,3.956267,-5.857832,,0.5603119,5.579653,-2.7935,,315.0598,212.3949,359.298,,315.1975,136.4513,350.0718,,13.33203,,0.1156057,0.2118997,77.67816,
-1.314595,3.92023,-5.777305,,0.3856849,5.546873,-2.936736,,314.965,211.808,359.5086,,315.5722,136.339,349.8539,,13.43359,,0.111183,0.2311438,76.85303,
-1.336687,3.910541,-5.754516,,0.2756045,5.567499,-3.085794,,315.009,211.4497,359.7196,,315.784,136.1101,349.8528,,13.53906,,0.1101682,0.235306,78.39746,
-1.376277,3.88116,-5.715969,,0.2297205,5.500299,-3.194325,,315.3455,210.9259,359.8144,,316.1295,136.169,349.2452,,13.64063,,0.105842,0.2365167,80.6534,
-1.430188,3.855595,-5.651344,,0.1003472,5.503075,-3.279444,,315.6709,210.6075,0.14284,,315.8448,135.8063,349.756,,13.75,,0.1052947,0.234174,81.21439,
-1.491313,3.820605,-5.551167,,-0.07641834,5.394196,-3.363527,,315.6528,210.1911,0.3772266,,315.4623,135.8082,349.5518,,13.85938,,0.1052709,0.222936,80.18626,
-1.514606,3.806413,-5.508835,,-0.2252527,5.12018,-3.339597,,315.6597,210.4906,359.7061,,315.3578,135.6356,349.5305,,13.96875,,0.1046948,0.2160574,77.69189,
-1.536676,3.765773,-5.46669,,-0.2559011,4.88665,-3.343258,,315.7657,211.0314,358.6073,,315.0742,135.3492,349.2475,,14.07031,,0.1045353,0.2267586,76.72771,
-1.56223,3.749467,-5.442057,,-0.1513735,4.615997,-3.195822,,315.8509,211.0898,358.5972,,314.828,135.9968,348.4048,,14.17578,,0.1049398,0.2449662,78.43243,
-1.562346,3.749755,-5.441302,,-0.1272333,4.460107,-2.966966,,315.8509,211.0898,358.5972,,315.0475,136.7799,347.803,,14.28125,,0.1053356,0.2390249,80.17737,
-1.562435,3.749969,-5.440735,,-0.08548945,4.441738,-2.831745,,315.851,211.0898,358.5239,,315.3677,136.7986,347.3442,,14.37891,,0.1051394,0.2290216,81.25464,
-1.562333,3.749724,-5.441383,,-0.1344683,4.444803,-2.729945,,315.8809,211.2571,358.4858,,315.3396,136.6244,347.4184,,14.48828,,0.1047305,0.2166892,80.94797,
-1.552112,3.744048,-5.432401,,-0.1085508,4.467633,-2.629573,,315.8809,211.21,358.4858,,315.7303,136.7567,347.1927,,14.59766,,0.1064944,0.2150644,78.79848,
-1.540933,3.737405,-5.413354,,-0.136934,4.450865,-2.425179,,315.8966,211.1226,358.5099,,316.3136,135.6967,347.104,,14.69922,,0.1079607,0.2143045,77.16312,
-1.549874,3.710016,-5.394067,,-0.1512204,4.441038,-2.30502,,316.0306,211.0077,358.6962,,316.999,136.0229,346.7596,,14.80469,,0.1094111,0.2282129,77.54762,
-1.555153,3.688917,-5.379856,,-0.1697975,4.409271,-2.002148,,316.1372,211.268,358.6931,,318.2381,137.3124,346.1117,,14.90625,,0.1106203,0.2347559,79.62947,
-1.56194,3.674837,-5.373742,,-0.1835902,4.379349,-1.767334,,316.0974,211.2591,358.6511,,320.2677,138.6951,345.3662,,15.01563,,0.1102241,0.2254976,80.63398,
-1.565781,3.673648,-5.369314,,-0.1340999,4.3575,-1.668362,,316.199,211.3014,358.6734,,323.1479,138.8683,346.4164,,15.12109,,0.1098941,0.2160883,80.36546,
-1.570553,3.673356,-5.375032,,-0.005949795,4.294007,-1.600511,,316.3709,211.4429,358.6699,,326.3369,139.2866,348.2604,,15.22656,,0.1099764,0.2115711,78.71754,
-1.570665,3.673657,-5.374269,,0.2763907,4.135162,-1.45102,,316.5281,211.4777,358.6116,,328.6499,139.7809,347.9988,,15.33203,,0.1098711,0.2141462,77.1579,
-1.575441,3.673363,-5.379982,,0.3554181,4.059284,-1.4441,,316.6702,211.453,358.718,,329.1455,137.9495,349.7231,,15.4375,,0.10904,0.2291228,77.63712,
-1.571857,3.675221,-5.382702,,0.3670347,4.059284,-1.465889,,316.6547,211.4694,358.6941,,329.1596,137.0093,350.5332,,15.54297,,0.1077778,0.232007,79.07596,
-1.571716,3.674841,-5.383661,,0.394426,4.060003,-1.528266,,316.7258,211.4454,358.7838,,329.3154,136.5317,352.3222,,15.64453,,0.1066527,0.2265389,80.15726,
-1.56206,3.675159,-5.372933,,0.394426,4.060003,-1.528266,,316.7109,211.3152,358.8022,,329.5335,136.5626,355.5293,,15.75,,0.1061211,0.2193445,80.0447,
-1.552396,3.675424,-5.362329,,0.3914928,4.060003,-1.522832,,316.7524,211.0779,358.8555,,330.0744,136.3545,359.4742,,15.85156,,0.1063869,0.2135566,79.18198,
-1.55058,3.662807,-5.354954,,0.3649983,4.056775,-1.50903,,316.7533,210.955,358.9709,,331.2866,136.4375,4.449213,,15.96094,,0.1056949,0.2155233,77.33153,
-1.55511,3.645761,-5.331614,,0.2686772,4.042549,-1.448083,,316.8016,210.7599,359.084,,331.4756,137.1393,5.342863,,16.06641,,0.1055202,0.2283367,77.47894,
-1.579751,3.603202,-5.306907,,0.2284786,3.967506,-1.483433,,316.9121,210.6471,359.249,,331.6421,137.2024,5.556643,,16.16797,,0.1051404,0.2325632,78.85401,
-1.588115,3.584784,-5.279926,,0.2103928,3.900331,-1.592113,,316.9912,210.5198,359.3665,,331.532,137.0729,5.762304,,16.27734,,0.1048946,0.2276689,80.01585,
-1.563506,3.557591,-5.22589,,0.1773347,3.773548,-1.602763,,317.0688,210.3502,359.4424,,331.0247,137.1411,7.257972,,16.37891,,0.1047274,0.2224215,79.87748,
-1.58554,3.541587,-5.166629,,0.148945,3.77435,-1.561069,,317.0845,210.142,359.6456,,330.5295,137.0136,7.925094,,16.48828,,0.1040634,0.2156648,78.61093,
-1.59696,3.53765,-5.154937,,0.0994702,3.776769,-1.502079,,317.1185,210.3488,359.6711,,330.3454,137.8608,7.205892,,16.58984,,0.1028724,0.2184501,77.23594,
-1.600617,3.535933,-5.152041,,0.01914257,3.764589,-1.409334,,317.2184,210.8284,359.5901,,330.7585,138.5616,5.935457,,16.69531,,0.1028221,0.2301238,77.20695,
-1.627125,3.526441,-5.125722,,-0.02431864,3.759171,-1.325609,,317.2829,211.0021,359.5184,,330.8311,138.9027,5.637001,,16.80078,,0.1030363,0.2348077,78.41752,
-1.661225,3.514331,-5.092019,,-0.04705209,3.759171,-1.280729,,317.4529,210.9245,359.2247,,330.7854,138.8754,5.591482,,16.90625,,0.1029339,0.2319559,79.36108,
-1.672442,3.509891,-5.081841,,-0.04399806,3.736675,-1.279189,,317.4283,210.8987,359.134,,330.7099,139.6465,5.568528,,17.01172,,0.1027331,0.2240768,79.5874,
-1.676108,3.508218,-5.07893,,-0.04875475,3.631225,-1.253432,,317.4713,211.0471,359.1974,,330.5915,140.5224,5.507273,,17.11719,,0.1028265,0.2177768,78.62836,
-1.676219,3.508529,-5.078174,,-0.05357879,3.614143,-1.234762,,317.3999,211.0691,359.1826,,330.1059,140.4506,5.458279,,17.21875,,0.1030566,0.2176751,77.47905,
-1.676109,3.50822,-5.078926,,-0.115018,3.532769,-1.124943,,317.5428,211.0253,359.2122,,329.4018,139.3394,5.66831,,17.32813,,0.1047921,0.2264068,77.29415,
-1.671455,3.508527,-5.073259,,-0.1702823,3.527344,-1.012033,,317.4577,210.9414,359.2874,,328.5563,138.2005,5.890095,,17.42969,,0.1057631,0.2330167,78.29263,
-1.657071,3.508225,-5.059214,,-0.1509063,3.524122,-1.002725,,317.5018,210.6845,359.3356,,328.1542,137.0876,6.019917,,17.53516,,0.1054862,0.2279451,79.58563,
-1.647449,3.503184,-5.048668,,-0.0537805,3.512356,-1.018401,,317.5018,210.6374,359.2623,,328.0163,136.696,5.657637,,17.64453,,0.1053095,0.2238971,79.73176,
-1.642556,3.502799,-5.044663,,0.05628222,3.503299,-1.096301,,317.5018,210.6138,359.2623,,327.2658,135.8688,5.782991,,17.74609,,0.1056982,0.2177356,78.87714,
-1.641718,3.501765,-5.035288,,0.1665698,3.491713,-1.1245,,317.5174,210.5744,359.359,,327.1464,135.8838,5.66271,,17.85156,,0.1060271,0.2164377,77.74182,
-1.636848,3.501426,-5.031171,,0.3464367,3.473437,-1.157651,,317.5174,210.5508,359.359,,327.0775,136.3693,5.576667,,17.95703,,0.1076308,0.224424,77.35146,
-1.598816,3.496303,-4.991135,,0.3543813,3.478217,-1.160468,,317.6332,210.1546,359.4218,,327.1503,136.3557,5.937517,,18.05859,,0.1088401,0.2303566,78.16926,
-1.579804,3.495996,-4.972048,,0.3757271,3.505346,-1.197659,,317.7761,210.0172,359.4508,,327.7454,136.2817,5.798933,,18.16797,,0.1088135,0.2278676,79.27299,
-1.57995,3.49638,-4.971137,,0.4205273,3.615627,-1.486179,,317.8477,209.9957,359.4652,,326.9722,135.8595,6.270909,,18.27344,,0.1085737,0.2225833,79.43603,
-1.575083,3.495996,-4.967087,,0.3828084,3.727119,-1.704029,,317.7762,209.9937,359.4508,,326.0657,137.2336,6.698611,,18.375,,0.1086074,0.216873,78.77432,
-1.551383,3.490878,-4.941761,,0.3234112,3.7966,-1.729736,,317.8477,209.8543,359.4652,,325.9789,138.2771,6.788791,,18.48047,,0.1095003,0.2167297,77.84418,
-1.546555,3.490566,-4.937527,,0.1851614,3.909177,-1.669821,,317.7897,209.9344,359.4341,,326.4612,137.725,7.169171,,18.58594,,0.1098881,0.2233054,77.22274,
-1.546672,3.490874,-4.936796,,0.07890731,3.909177,-1.470332,,317.8033,210.0165,359.4907,,327.1389,137.2024,7.194934,,18.69141,,0.1102023,0.2266844,77.84909,
-1.546553,3.49056,-4.937542,,-0.01725119,3.902949,-1.272725,,317.8748,209.995,359.5051,,327.4693,137.2588,7.08727,,18.79688,,0.1099513,0.2285056,79.03376,
-1.554327,3.488188,-4.929482,,-0.07113403,3.871839,-1.110394,,317.8483,210.0673,359.5207,,327.4852,137.6269,6.225165,,18.90234,,0.1096691,0.2255967,79.43475,
-1.584272,3.466183,-4.90185,,-0.0987075,3.754036,-0.929152,,318.0454,209.9213,359.7211,,327.5907,138.3353,5.353959,,19.00781,,0.109593,0.218267,79.05972,
-1.599181,3.450274,-4.887148,,-0.09890229,3.69836,-0.8257771,,318.1216,209.9412,359.7244,,327.5197,137.8638,5.105694,,19.10938,,0.1098137,0.2164831,78.22845,
-1.610498,3.441092,-4.875972,,-0.07431084,3.624379,-0.7388749,,318.182,209.9766,359.7777,,327.4944,137.0755,4.823038,,19.20703,,0.1085454,0.2205561,77.49486,
-1.604826,3.439368,-4.863385,,-0.07309276,3.56366,-0.6360598,,318.113,209.853,359.8031,,327.3929,136.9041,4.733373,,19.3125,,0.1074793,0.2290239,77.71352,
-1.62793,3.431767,-4.840959,,-0.04619867,3.526188,-0.6102242,,318.1944,209.6787,359.958,,327.3609,136.6269,4.632434,,19.41406,,0.107272,0.2309485,78.40553,
-1.617663,3.43014,-4.823247,,0.05648476,3.392024,-0.5701919,,318.1944,209.608,359.958,,327.3518,136.6913,4.144626,,19.51953,,0.1074009,0.227855,79.02137,
-1.613131,3.430487,-4.817501,,0.1318313,3.327656,-0.5358438,,318.2101,209.5691,359.981,,327.2743,136.7938,3.91479,,19.625,,0.1067665,0.2242148,78.91303,
-1.611716,3.418032,-4.81007,,0.1399049,3.301703,-0.4653993,,318.239,209.6354,359.9882,,326.9885,137.1476,3.769459,,19.73438,,0.1064289,0.2206924,78.2645,
-1.602292,3.412932,-4.799637,,0.08796638,3.301703,-0.3488765,,318.226,209.483,0.004119023,,326.8979,137.0193,3.819495,,19.83984,,0.1068604,0.2235783,77.58418,
-1.601416,3.411426,-4.791538,,0.02009243,3.3023,-0.2061191,,318.2547,209.5258,0.01123584,,326.9457,136.1759,3.940524,,19.94922,,0.1072358,0.2280149,77.57252,
-1.604913,3.404414,-4.788801,,-0.008467972,3.25885,-0.1456156,,318.2705,209.5105,0.03430215,,326.9365,135.7472,3.987914,,20.05859,,0.1073497,0.2320107,78.37383,
-1.605034,3.404738,-4.788052,,0.02981371,3.166048,-0.1097097,,318.2705,209.5105,0.03430215,,326.9648,135.9281,3.773392,,20.16016,,0.1070912,0.2303888,78.79376,
-1.608495,3.392836,-4.784292,,0.07971042,3.111482,-0.09525013,,318.2863,209.4951,0.05735715,,326.2212,135.8662,3.862615,,20.26172,,0.10693,0.2277291,0.04413356,
-1.593435,3.385785,-4.761846,,0.1272196,3.051692,-0.07522249,,318.3021,209.3855,0.0804008,,325.6051,135.914,3.886132,,20.36719,,0.10697,0.2246288,0.04327382,
-1.58891,3.386071,-4.756234,,0.1415648,3.05116,-0.09528017,,318.2892,209.2803,0.09626272,,325.3124,135.9485,3.873211,,20.47266,,0.1076898,0.2279512,0.04256622,
-1.588743,3.385629,-4.757253,,0.1653699,3.050631,-0.1374216,,318.3021,209.362,0.08039969,,324.9655,135.6777,4.024662,,20.57031,,0.1082276,0.228263,0.0416391,
-1.588887,3.386014,-4.756367,,0.3134789,3.049456,-0.1518688,,318.3021,209.362,0.08039969,,324.9568,135.3895,3.778911,,20.67969,,0.1079791,0.2261639,0.04174447,
-1.593369,3.38561,-4.762252,,1.277133,3.077394,-0.1305027,,318.3021,209.3855,0.0804008,,325.5675,137.9126,2.817614,,20.78125,,0.1077117,0.2234491,0.0411764,
-1.59351,3.385987,-4.761377,,1.53034,3.319674,-0.323884,,318.3021,209.3855,0.08039969,,325.2325,137.737,4.545393,,20.88672,,0.1077084,0.2231162,0.04050615,
-1.538628,3.386849,-4.711369,,1.603628,3.336224,-0.5163021,,318.5013,209.0809,0.1709737,,325.9726,138.099,5.060915,,20.98828,,0.1078026,0.2194607,0.04419315,
-1.538738,3.387143,-4.7107,,1.628912,3.336224,-0.5656118,,318.5729,209.0607,0.1843374,,326.0334,139.0188,5.196009,,21.08984,,0.1086446,0.2448602,0.04418695,
-1.538869,3.38749,-4.709916,,1.631451,3.336224,-0.5705366,,318.6446,209.0406,0.1976469,,325.9465,140.3195,5.18414,,21.19531,,0.1083617,0.2151846,0.04419787,
-1.533909,3.381783,-4.705784,,1.623839,3.336224,-0.555757,,318.6117,209.2818,0.210232,,325.7305,140.0187,5.189508,,21.30469,,0.1091053,0.2297797,0.04419418,
-1.501543,3.3814,-4.671758,,1.619007,3.336295,-0.5582428,,318.6636,209.4429,0.1474856,,325.7975,139.2707,5.2185,,21.40625,,0.1127704,0.1796973,0.04419335,
-1.483267,3.381663,-4.651179,,1.621794,3.33637,-0.5755181,,318.7028,209.5928,0.1007113,,325.7869,138.8927,5.170845,,21.50781,,0.1139333,0.1965289,0.04419053,
-1.478798,3.382003,-4.645418,,1.631642,3.330941,-0.5954008,,318.7875,209.6303,0.09861397,,325.8593,138.8733,5.169453,,21.61328,,0.1180883,0.174931,0.0441887,
-1.506254,3.381738,-4.675999,,1.696973,3.325749,-0.7554131,,319.0285,209.8733,0.1077265,,325.8787,139.1375,5.225766,,21.72266,,0.1122289,0.1891693,0.04368302,
-1.55932,3.424397,-4.627771,,1.742663,3.287833,-0.856987,,318.9615,209.5082,0.3909703,,326.0807,138.9525,5.169441,,21.82813,,0.1122128,0.1811854,0.0441991,
-1.668679,3.403901,-4.581172,,1.785451,3.287833,-0.9349113,,319.7723,207.4341,1.327125,,325.5671,138.6401,5.24698,,21.92969,,0.1072865,0.2349944,0.04416996,
-2.039194,3.42971,-4.987899,,1.88145,3.331346,-1.110425,,321.0014,205.7785,2.204528,,324.814,138.2819,5.271018,,22.03516,,0.1123388,0.261821,0.04419201,
-2.493015,3.964644,-6.253924,,2.016793,3.55222,-1.641747,,320.7477,203.4226,2.040197,,324.0661,138.7565,6.002099,,22.14063,,0.1315474,0.3471457,0.04420292,
-2.770183,4.535148,-7.357042,,2.448999,4.190964,-2.663521,,323.8436,202.8499,1.79678,,325.3732,138.521,6.074281,,22.24609,,0.1125138,0.3030352,0.04418015,
-2.689427,4.718574,-7.918,,2.631114,4.419006,-3.73773,,325.9899,202.3929,4.973778,,325.682,138.6803,4.626709,,22.35547,,0.1052467,0.2157444,0.04418755,
-2.502365,5.241315,-9.21294,,2.591458,5.320774,-5.204048,,327.1225,204.243,7.734152,,325.7577,139.8291,3.094743,,22.45703,,0.1097378,0.2076474,0.04419348,
-2.782766,5.550529,-10.08579,,2.590381,6.147053,-6.546428,,327.5879,205.0851,9.742908,,326.5719,140.4462,3.039007,,22.55859,,0.1114005,0.1713826,0.04418788,
-2.970861,5.698868,-10.50655,,2.244633,6.641321,-7.990839,,328.5096,203.7841,10.73274,,327.5113,141.6432,5.629238,,22.66406,,0.1066984,0.2069579,0.0441968,
-3.148412,6.131311,-11.16239,,2.026088,7.10829,-9.092324,,328.7223,204.0054,5.981228,,332.9792,144.9802,5.886685,,22.76953,,0.1072027,0.2700534,0.04419238,
-4.039914,7.241914,-9.586147,,2.045401,7.949214,-9.1926,,337.0176,202.8778,8.263996,,340.1424,147.5038,2.04257,,22.875,,0.1125735,0.2572071,0.04419441,
-5.352218,8.740599,-7.529987,,2.449443,8.386156,-9.399822,,348.2606,200.695,11.83231,,343.2635,146.2985,1.252896,,22.98047,,0.1094964,0.2321077,0.04399515,
-6.459966,8.520095,-5.551345,,2.909307,8.159085,-9.183901,,352.5773,198.7436,15.67453,,344.2527,147.14,2.840892,,23.08203,,0.112765,0.2016349,0.04419637,
-7.712459,8.230879,-3.841153,,3.649477,7.750152,-8.512123,,350.6175,196.4693,24.34015,,342.3336,148.4376,5.71432,,23.19141,,0.1148615,0.178287,0.0441795,
-8.289423,8.225285,-3.247204,,4.36841,7.469092,-8.00931,,350.4382,194.5476,31.03863,,340.5631,148.8131,7.666939,,23.29688,,0.1119293,0.186639,0.04420294,
-8.834448,8.07912,-2.643117,,5.179735,7.230891,-7.51007,,352.5708,192.3977,37.85943,,338.6366,154.3231,8.877472,,23.40234,,0.1112451,0.1959972,0.04419027,
-9.004031,7.961637,-2.555323,,5.43244,7.130522,-7.116756,,352.0392,191.1148,39.99846,,337.4232,156.4344,8.770354,,23.50781,,0.1137329,0.2515811,0.04418766,
-9.034878,8.021663,-2.539364,,5.600535,7.196779,-6.843867,,351.5317,191.0072,40.55479,,337.4042,155.4799,8.960685,,23.61719,,0.1141849,0.2828833,0.04419124,
-9.148892,8.071938,-2.592416,,5.634149,7.209205,-6.724615,,351.2311,191.2145,48.52488,,339.484,152.3582,14.62871,,23.71875,,0.1095231,0.2455771,0.04419429,
-9.135018,8.137969,-2.572433,,5.888468,7.123446,-6.171305,,350.4916,190.5176,49.45612,,343.3335,150.5169,18.36658,,23.82031,,0.1094952,0.2423625,0.04419425,
-9.077279,8.245991,-2.512532,,6.020291,7.335432,-5.331073,,349.0765,189.057,49.52108,,344.5422,151.0302,18.97324,,23.92578,,0.1089819,0.2213706,0.0441954,
-9.044113,8.269598,-2.493512,,5.358052,7.737524,-4.627476,,348.162,188.1959,49.42659,,345.2622,152.9354,19.11492,,24.03516,,0.1083185,0.2038969,0.04419854,
-8.986777,7.988593,-2.588712,,5.265596,7.823631,-3.641001,,350.1888,187.7533,53.69363,,349.5933,153.4601,13.79347,,24.14063,,0.1071102,0.2003839,0.04419108,
-8.997807,7.985565,-2.584534,,5.703122,7.82849,-3.062304,,351.701,187.7514,55.80878,,350.4052,155.1805,10.35208,,24.24219,,0.105785,0.2179066,0.04418758,
-9.007655,8.029387,-2.566578,,6.5014,7.912775,-2.231962,,351.4813,187.748,55.73605,,350.0518,158.0942,7.501718,,24.34766,,0.1066043,0.2345256,0.04417935,
-9.003458,8.030009,-2.563896,,7.036922,7.297132,-1.458067,,351.4813,187.7244,55.73605,,350.2133,160.8417,4.57973,,24.45313,,0.1044859,0.2273008,0.04419371,
-9.032259,8.068053,-2.564115,,7.455966,6.848928,0.4566822,,351.1651,187.8617,55.8075,,335.6389,179.9952,354.8033,,24.55859,,0.1043829,0.256528,0.04419505,
-9.15362,8.09112,-2.735682,,7.461617,6.852871,0.4657102,,350.317,188.4753,55.69867,,335.3918,180.4673,352.3273,,24.67969,,0.1055343,0.2227226,0.04419328,
-9.630414,7.434289,-3.171741,,7.475081,6.889973,0.6711168,,346.6214,187.9681,55.33446,,333.3871,185.7703,351.2794,,24.78516,,0.1057703,0.2168955,0.04418077,
-9.715543,7.416304,-3.056561,,7.449498,6.923882,0.8193426,,343.1338,183.0654,54.36623,,330.1975,191.4989,351.9148,,24.89063,,0.1052948,0.220624,0.04418103,
-9.639671,7.483689,-2.983556,,7.468109,6.918634,0.7931728,,342.7544,184.4607,54.46534,,329.7069,192.5683,351.5875,,24.99609,,0.1057124,0.2161164,0.04418121,
-9.6471,7.503396,-2.978087,,7.47207,6.918634,0.788125,,342.4635,185.1059,51.85893,,329.7069,192.5212,351.0015,,25.10156,,0.1063081,0.2043514,0.04417913,
-9.821042,7.545886,-2.711949,,7.48484,6.913385,0.7695932,,341.9866,185.5396,47.74664,,329.7172,192.2527,350.9382,,25.20313,,0.1071257,0.2006032,0.04418278,
-9.754418,7.204515,-2.0371,,7.495195,6.887136,0.7450285,,341.9441,186.0836,44.49235,,330.6209,191.0704,350.2263,,25.3125,,0.1078257,0.2314512,0.04418336,
-9.840063,6.919208,-1.598716,,7.495194,6.887136,0.7450275,,340.4275,187.3171,43.49532,,330.9622,190.5265,349.7182,,25.41406,,0.1084891,0.2442608,0.0441841,
-10.01353,6.771977,-0.910018,,7.49927,6.885076,0.7318435,,335.2155,189.9878,31.68751,,331.098,190.2923,347.7079,,25.51953,,0.1088747,0.2417327,0.04417801,
-9.994539,6.743371,-0.8179555,,7.479277,6.931639,0.7200089,,331.6862,190.8167,27.09995,,330.8449,190.2715,346.9148,,25.625,,0.109364,0.2337356,0.04417539,
-9.879759,6.527235,-0.6896057,,7.470613,6.930763,0.7089696,,333.6855,187.547,30.83115,,330.707,190.1936,346.8018,,25.73047,,0.1096765,0.2217982,0.04417673,
-9.893202,6.517242,-0.6991148,,7.368669,6.877224,0.6401887,,335.7934,186.4659,33.48905,,333.0717,190.6084,346.5621,,25.83594,,0.1092278,0.2137476,0.04417508,
-9.852501,6.477204,-0.6696558,,7.368669,6.877224,0.6401887,,336.3517,185.4475,33.80569,,334.0932,190.7081,346.5178,,25.94141,,0.1087564,0.2124245,0.04417196,
-9.77054,6.649817,-0.5203505,,7.362666,6.875237,0.6396036,,335.7121,179.9389,31.61653,,334.1388,190.7959,345.7342,,26.05078,,0.1085244,0.2164171,0.04417205,
-9.770511,6.649423,-0.5208669,,7.364939,6.885724,0.6414108,,335.1989,179.6593,31.32371,,333.7868,190.5948,339.3623,,26.16016,,0.1088649,0.2285382,0.04417541,
-9.77056,6.649961,-0.5201573,,7.344572,6.885724,0.6671247,,335.5656,179.8828,31.44087,,334.1678,192.432,339.0618,,26.26563,,0.1091717,0.2320811,0.04417504,
-9.770506,6.649413,-0.5208898,,7.409656,6.91131,0.7267275,,335.6388,180.0515,31.16207,,333.0847,193.2117,334.0829,,26.37109,,0.1090223,0.2308705,0.04417994,
-9.770627,6.650002,-0.5201592,,7.497739,6.998125,0.8487816,,335.4922,180.1637,28.51035,,328.4343,193.2592,332.1068,,26.47656,,0.1088164,0.2309432,0.04418189,
-9.770602,6.649727,-0.5205302,,7.496409,6.956179,0.8315778,,335.6389,180.0515,27.49983,,327.8475,193.1288,329.3284,,26.58594,,0.1091287,0.2294946,0.04418183,
-9.770504,6.64919,-0.5212054,,7.573237,6.845741,0.758297,,335.6389,180.0515,27.42659,,330.0693,190.8416,327.7117,,26.69141,,0.1086071,0.2262514,0.04417844,
-9.770561,6.649825,-0.52036,,7.586302,6.851002,0.744298,,335.7121,179.9952,30.47374,,331.0599,189.4526,324.4119,,26.80078,,0.1075273,0.2204475,0.04418053,
-9.770509,6.649495,-0.5207834,,7.455966,6.848928,0.4566822,,336.0042,179.5436,31.92595,,335.6389,179.9953,301.4076,,26.91016,,0.1076739,0.2161355,0.04418116,
-9.77055,6.649881,-0.5202832,,7.455966,6.848928,0.4566822,,336.2947,179.0894,31.98756,,335.5656,179.9952,291.8125,,27.01172,,0.1073193,0.2157445,0.04418459,
-9.770508,6.649449,-0.5208521,,7.455966,6.848928,0.4566822,,336.3675,179.0321,31.95885,,335.6388,180.1077,280.591,,27.12109,,0.10692,0.2156181,0.04418075,
-9.770552,6.649873,-0.5202994,,7.455966,6.848928,0.4566822,,336.367,178.9754,31.92988,,335.7121,179.9952,279.2876,,27.22266,,0.1065661,0.2153953,0.04417918,
-9.770504,6.649568,-0.5206671,,7.455966,6.848928,0.4566822,,335.5656,179.9952,32.45135,,336.0044,179.6001,288.1666,,27.33203,,0.1063161,0.216372,0.04418448,
-9.770462,6.649003,-0.52143,,7.455966,6.848928,0.4566822,,335.6389,179.939,32.42222,,335.785,179.7136,289.2499,,27.4375,,0.105735,0.2197922,0.04418789,
-9.770498,6.649459,-0.5208163,,7.455966,6.848928,0.4566822,,335.6389,179.939,32.42221,,335.785,179.7136,289.3231,,27.53906,,0.1059431,0.2231447,0.04418438,
-9.770458,6.648953,-0.5214977,,7.455966,6.848928,0.4566822,,335.6389,179.939,32.42222,,335.785,179.7136,289.3231,,27.64844,,0.1058892,0.22492,0.04418252,
-9.770491,6.649391,-0.5209069,,7.455966,6.848928,0.4566822,,335.6389,179.939,32.42222,,335.785,179.7136,289.2499,,27.75,,0.1058912,0.2266389,0.04418073,
-9.770458,6.64895,-0.521503,,7.455966,6.848928,0.4566822,,335.6388,179.8828,32.31982,,335.7118,179.7138,289.3231,,27.85547,,0.1061931,0.2284368,0.04418382,
-9.770495,6.649427,-0.5208597,,7.455966,6.848928,0.4566822,,335.6389,179.939,32.34896,,335.785,179.7136,289.3231,,27.96094,,0.1064758,0.2290499,0.04418248,
-9.770458,6.648951,-0.521503,,7.455966,6.848928,0.4566822,,335.6388,179.8827,32.31983,,335.7849,179.6573,289.294,,28.06641,,0.1065006,0.2293108,0.04417734,
-9.770493,6.649385,-0.5209184,,7.455968,6.848928,0.4566832,,335.6388,179.8827,32.31983,,335.785,179.7136,289.3231,,28.16797,,0.1060129,0.2295077,0.04417522,
-9.770456,6.648939,-0.5215197,,7.455966,6.848928,0.4566822,,335.6389,179.939,32.34895,,335.785,179.7136,289.3231,,28.27734,,0.1065841,0.2290743,0.04417753,
-9.770515,6.649668,-0.520535,,7.455966,6.848928,0.4566822,,335.6389,179.939,32.27573,,335.7118,179.7138,289.3231,,28.38672,,0.1067165,0.2280809,0.04417921,
-9.770471,6.649112,-0.521286,,7.455966,6.848928,0.4566822,,335.6389,179.939,32.34895,,335.785,179.7136,289.3231,,28.49219,,0.1072078,0.225553,0.04417701,
-9.770506,6.649575,-0.5206609,,7.455966,6.848928,0.4566822,,335.6389,179.939,32.34895,,335.785,179.7136,289.3231,,28.59375,,0.1067419,0.2240682,0.04417967,
-9.770462,6.649004,-0.521431,,7.455966,6.848928,0.4566822,,335.5656,179.939,32.34895,,335.7849,179.6573,289.294,,28.69922,,0.1064292,0.2232843,0.04417777,
-9.770496,6.649444,-0.5208392,,7.455966,6.848928,0.4566822,,335.6389,179.939,32.34895,,335.785,179.7136,289.3231,,28.80078,,0.1061162,0.2226274,0.04417973,
-9.770459,6.648969,-0.5214791,,7.455966,6.848928,0.4566822,,335.5656,179.8828,32.31979,,335.7118,179.7138,289.3231,,28.90625,,0.1070441,0.2215301,0.04417652,
-9.770496,6.649426,-0.5208616,,7.455966,6.848928,0.4566822,,335.6388,179.8827,32.31984,,335.7849,179.6573,289.294,,29.00781,,0.1077784,0.2211611,0.04417957,
-9.770458,6.648951,-0.521503,,7.455966,6.848928,0.4566822,,335.5656,179.939,32.34893,,335.785,179.7136,289.3231,,29.11719,,0.1071562,0.2209709,0.04417833,
-9.770457,6.648934,-0.5215254,,7.455966,6.848928,0.4566822,,335.6388,179.8827,32.31984,,335.785,179.7136,289.3231,,29.23438,,0.1073802,0.2243286,0.04417843,
-9.770508,6.649577,-0.5206585,,7.455966,6.848928,0.4566822,,335.6388,179.8827,32.31984,,335.785,179.7136,289.2499,,29.34375,,0.1078333,0.2243418,0.04418022,
-9.770465,6.649044,-0.521378,,7.455966,6.848928,0.4566822,,335.6389,179.939,32.34895,,335.785,179.7136,289.3231,,29.44922,,0.1076642,0.2239664,0.04418023,
-9.770501,6.649508,-0.520752,,7.455966,6.848928,0.4566822,,335.6389,179.939,32.34895,,335.785,179.7136,289.3231,,29.55078,,0.1075481,0.2247956,0.04417683,
-9.770464,6.649022,-0.5214062,,7.455966,6.848928,0.4566822,,335.6388,179.8827,32.31984,,335.785,179.7136,289.3231,,29.66016,,0.1077457,0.2248895,0.04418052,
-9.770498,6.649487,-0.520781,,7.455966,6.848928,0.4566822,,335.6389,179.939,32.34895,,335.785,179.7136,289.3231,,29.76172,,0.1078933,0.2248436,0.04417838,
-9.770461,6.64899,-0.52145,,7.455966,6.848928,0.4566822,,335.6389,179.939,32.34896,,335.7849,179.6573,289.294,,29.86719,,0.1081521,0.2246901,0.04417725,
-9.7705,6.649481,-0.5207872,,7.455966,6.848928,0.4566822,,335.5656,179.939,32.34895,,335.785,179.7136,289.3231,,29.97266,,0.1083398,0.2243671,0.04417965,
-9.770461,6.648986,-0.5214548,,7.455966,6.848928,0.4566822,,335.6389,179.939,32.34895,,335.7118,179.7138,289.3231,,30.07813,,0.1077968,0.2240797,0.04417482,
-9.770499,6.649483,-0.5207853,,7.455966,6.848928,0.4566822,,335.6389,179.939,32.34895,,335.785,179.7136,289.3231,,30.17969,,0.1072124,0.2226827,0.0441741,
-9.770462,6.648986,-0.5214548,,7.455966,6.848928,0.4566822,,335.6389,179.9952,32.3781,,335.7118,179.7138,289.3231,,30.28906,,0.1069949,0.2206624,0.04417575,

